,Seniority,Time,Age,Records,Expenses,Income,Assets,Debt,Amount,Price,0,1,2,3,4,5,6,7,8,9,10,11,12,13,14,15
2,10,36,46,2,90,200.0,3000.0,0.0,2000,2985,0,0,1,0,0,0,0,0,1,0,0,0,0,0,1,0
9,0,48,41,1,90,80.0,0.0,0.0,1200,1468,0,0,0,0,0,1,0,0,1,0,0,0,0,1,0,0
18,0,48,36,1,45,130.0,750.0,0.0,1100,1511,0,0,0,0,1,0,0,0,1,0,0,0,0,1,0,0
20,2,60,25,1,46,107.0,0.0,0.0,1500,2189,0,1,0,0,0,0,0,1,0,0,0,0,1,0,0,0
22,1,60,45,1,105,112.0,2000.0,500.0,600,1332,0,0,1,0,0,0,0,0,1,0,0,0,0,1,0,0
28,3,24,23,1,75,85.0,5000.0,0.0,600,1600,0,0,1,0,0,0,0,0,1,0,0,0,1,0,0,0
31,0,36,23,1,45,122.0,2500.0,0.0,400,400,0,0,1,0,0,0,0,1,0,0,0,0,0,1,0,0
38,1,54,36,1,70,99.0,0.0,0.0,950,950,0,1,0,0,0,0,0,0,1,0,0,0,1,0,0,0
40,5,48,31,1,44,90.0,0.0,0.0,1300,1700,0,1,0,0,0,0,0,1,0,0,0,0,1,0,0,0
48,2,36,27,1,48,128.0,0.0,0.0,450,545,0,1,0,0,0,0,0,0,0,0,1,0,1,0,0,0
55,1,48,29,2,85,100.0,0.0,0.0,1000,1345,0,1,0,0,0,0,0,0,1,0,0,0,0,0,1,0
62,4,42,27,1,35,70.0,0.0,0.0,600,926,0,0,0,0,0,1,0,1,0,0,0,0,1,0,0,0
82,1,36,29,1,60,70.0,4500.0,0.0,850,1100,0,0,1,0,0,0,0,0,1,0,0,0,1,0,0,0
88,0,60,25,1,40,50.0,0.0,0.0,1040,1048,0,1,0,0,0,0,0,1,0,0,0,0,0,1,0,0
89,25,60,62,1,60,146.0,0.0,0.0,1000,1292,0,1,0,0,0,0,0,0,1,0,0,0,1,0,0,0
91,9,60,32,2,35,105.0,0.0,0.0,1490,1490,0,0,0,0,0,1,0,1,0,0,0,0,1,0,0,0
104,2,48,23,1,35,140.0,0.0,0.0,1950,2175,0,0,0,0,0,0,1,1,0,0,0,0,1,0,0,0
106,1,36,24,1,76,164.0,0.0,0.0,900,950,0,1,0,0,0,0,0,0,1,0,0,0,0,1,0,0
107,6,60,28,1,90,325.0,7000.0,0.0,1200,1211,0,0,0,0,0,1,0,0,1,0,0,0,0,0,1,0
112,20,60,51,1,90,300.0,12500.0,2500.0,1340,1740,0,0,1,0,0,0,0,0,1,0,0,0,0,0,1,0
115,2,36,32,1,75,101.0,1500.0,400.0,1200,1646,0,0,1,0,0,0,0,0,1,0,0,0,1,0,0,0
116,3,36,40,2,35,200.0,10000.0,0.0,800,800,0,0,1,0,0,0,0,0,1,0,0,0,0,0,1,0
126,0,60,23,1,35,95.0,0.0,0.0,1400,1478,0,0,0,0,0,1,0,1,0,0,0,0,0,1,0,0
131,10,60,26,1,45,60.0,0.0,0.0,1400,1524,0,0,0,0,0,0,1,0,1,0,0,0,1,0,0,0
137,1,60,37,1,45,100.0,0.0,0.0,1150,1555,0,1,0,0,0,0,0,1,0,0,0,0,1,0,0,0
140,13,60,42,2,47,120.0,0.0,0.0,800,1395,0,1,0,0,0,0,0,0,0,0,1,0,1,0,0,0
145,12,60,31,2,35,101.0,0.0,0.0,1300,1300,0,0,0,0,0,1,0,0,0,0,1,0,1,0,0,0
146,0,36,35,2,105,122.0,5200.0,2000.0,850,850,0,0,1,0,0,0,0,0,1,0,0,0,1,0,0,0
153,0,60,25,1,60,60.0,0.0,0.0,1300,1380,0,0,0,0,0,0,1,0,1,0,0,0,0,1,0,0
154,0,60,23,1,35,205.0,0.0,0.0,1400,1426,0,0,0,0,0,1,0,1,0,0,0,0,0,1,0,0
165,6,48,58,2,60,400.0,86000.0,0.0,930,945,0,0,1,0,0,0,0,0,1,0,0,0,0,0,1,0
167,5,36,32,1,75,125.0,6000.0,0.0,600,700,0,0,1,0,0,0,0,0,1,0,0,0,0,0,1,0
176,0,60,48,2,35,,25300.0,15500.0,1200,1257,0,1,0,0,0,0,0,0,0,0,1,0,0,0,1,0
187,13,60,31,1,60,105.0,0.0,0.0,1200,1423,0,0,0,0,0,0,1,0,1,0,0,0,1,0,0,0
189,9,24,30,2,46,113.0,0.0,0.0,700,700,0,1,0,0,0,0,0,1,0,0,0,0,1,0,0,0
207,1,60,22,1,35,80.0,3000.0,0.0,1500,1514,0,0,0,0,0,1,0,1,0,0,0,0,1,0,0,0
212,4,36,19,1,35,63.0,0.0,0.0,1000,1035,0,0,0,0,0,0,1,1,0,0,0,0,0,1,0,0
213,5,36,22,1,35,88.0,0.0,0.0,750,1218,0,0,0,0,0,1,0,1,0,0,0,0,1,0,0,0
215,1,60,44,1,45,115.0,2000.0,0.0,750,953,0,0,0,1,0,0,0,0,1,0,0,0,0,1,0,0
232,4,24,40,2,56,214.0,0.0,0.0,800,1200,0,1,0,0,0,0,0,0,1,0,0,0,1,0,0,0
241,10,60,43,1,90,,0.0,0.0,1350,1668,0,1,0,0,0,0,0,0,1,0,0,0,0,0,1,0
246,0,60,22,1,35,55.0,0.0,0.0,950,1462,0,0,0,0,0,1,0,1,0,0,0,0,0,1,0,0
249,0,48,28,1,45,80.0,1500.0,0.0,1260,1634,0,0,1,0,0,0,0,0,1,0,0,0,1,0,0,0
259,0,12,37,1,88,130.0,0.0,0.0,250,375,0,1,0,0,0,0,0,0,1,0,0,0,0,0,0,1
268,2,36,33,1,75,220.0,16000.0,500.0,3000,4100,0,0,1,0,0,0,0,0,1,0,0,0,0,0,1,0
277,2,60,35,2,75,,0.0,0.0,1000,1206,0,1,0,0,0,0,0,0,1,0,0,0,0,0,1,0
300,7,60,25,1,45,50.0,0.0,0.0,950,1378,0,0,0,0,0,0,1,0,1,0,0,0,1,0,0,0
303,5,60,35,1,75,60.0,3000.0,400.0,1150,1406,0,0,1,0,0,0,0,0,1,0,0,0,1,0,0,0
306,27,60,50,2,87,120.0,0.0,0.0,1300,1350,0,1,0,0,0,0,0,0,1,0,0,0,1,0,0,0
307,3,60,25,1,35,283.0,0.0,0.0,2000,2032,0,0,0,0,0,0,1,1,0,0,0,0,1,0,0,0
310,1,60,36,2,85,99.0,0.0,0.0,1200,1275,0,1,0,0,0,0,0,0,1,0,0,0,1,0,0,0
311,10,36,39,2,75,160.0,15000.0,0.0,3250,3750,0,0,1,0,0,0,0,0,1,0,0,0,0,0,1,0
317,1,60,38,1,45,,0.0,0.0,1500,1850,0,1,0,0,0,0,0,0,1,0,0,0,0,0,1,0
320,1,48,31,1,87,115.0,0.0,0.0,1100,1672,0,1,0,0,0,0,0,0,1,0,0,0,1,0,0,0
328,5,60,27,1,75,66.0,3000.0,0.0,600,850,0,0,1,0,0,0,0,0,1,0,0,0,1,0,0,0
333,10,60,38,2,90,80.0,3000.0,1749.0,1030,1095,0,0,1,0,0,0,0,0,1,0,0,0,1,0,0,0
338,35,48,52,1,60,135.0,5000.0,0.0,1200,1400,0,0,1,0,0,0,0,0,1,0,0,0,1,0,0,0
347,0,12,61,1,60,40.0,4000.0,0.0,170,1394,0,0,1,0,0,0,0,0,1,0,0,0,0,0,0,1
348,2,24,59,1,110,50.0,0.0,0.0,200,425,0,1,0,0,0,0,0,0,1,0,0,0,1,0,0,0
352,5,60,25,1,75,160.0,1000.0,0.0,890,990,0,0,0,0,1,0,0,0,1,0,0,0,1,0,0,0
355,1,60,42,2,45,,0.0,0.0,1600,1780,0,0,0,0,0,0,1,0,1,0,0,0,0,0,1,0
357,6,60,32,1,75,160.0,2200.0,600.0,1550,1600,0,0,1,0,0,0,0,0,1,0,0,0,1,0,0,0
363,0,36,34,1,75,80.0,4500.0,300.0,600,1339,0,0,1,0,0,0,0,0,1,0,0,0,0,1,0,0
365,21,60,44,1,90,105.0,1150.0,720.0,200,1078,0,0,1,0,0,0,0,0,1,0,0,0,1,0,0,0
374,7,60,32,1,75,156.0,3500.0,0.0,1300,1553,0,0,1,0,0,0,0,0,1,0,0,0,0,1,0,0
379,0,24,20,1,60,152.0,2000.0,0.0,400,480,0,0,1,0,0,0,0,1,0,0,0,0,0,0,0,1
383,1,48,18,1,35,81.0,0.0,0.0,1150,1314,0,0,0,0,0,1,0,1,0,0,0,0,0,1,0,0
389,1,48,23,1,35,165.0,0.0,0.0,1300,1440,0,0,0,0,0,1,0,1,0,0,0,0,1,0,0,0
392,11,60,38,2,90,245.0,4000.0,0.0,1700,1768,0,0,1,0,0,0,0,0,1,0,0,0,1,0,0,0
394,1,48,42,2,75,200.0,9000.0,4500.0,1400,1700,0,0,1,0,0,0,0,0,1,0,0,0,0,0,1,0
397,1,48,34,2,45,200.0,3000.0,1500.0,1000,1191,0,0,0,1,0,0,0,0,1,0,0,0,0,0,1,0
399,4,60,42,2,70,350.0,0.0,0.0,2200,2441,0,1,0,0,0,0,0,0,0,0,0,1,1,0,0,0
400,0,48,24,1,60,105.0,0.0,0.0,1200,1516,0,0,0,0,0,0,1,0,1,0,0,0,1,0,0,0
404,0,36,34,1,49,140.0,0.0,0.0,1150,1600,0,1,0,0,0,0,0,0,0,0,1,0,1,0,0,0
417,1,60,35,1,90,42.0,5000.0,100.0,500,1300,0,0,1,0,0,0,0,0,1,0,0,0,0,0,1,0
421,15,36,43,1,75,,15000.0,2000.0,1100,1720,0,1,0,0,0,0,0,0,1,0,0,0,0,0,1,0
423,1,48,40,1,82,69.0,0.0,0.0,1100,1197,0,1,0,0,0,0,0,0,1,0,0,0,0,0,0,1
425,1,36,22,2,35,50.0,0.0,0.0,425,450,0,0,0,0,0,1,0,1,0,0,0,0,0,1,0,0
428,9,60,32,2,71,109.0,0.0,0.0,1135,1355,0,1,0,0,0,0,0,0,1,0,0,0,0,0,1,0
431,33,48,59,2,45,114.0,10000.0,0.0,1200,1420,0,0,1,0,0,0,0,0,1,0,0,0,1,0,0,0
435,3,60,40,1,75,246.0,2500.0,0.0,1300,1500,0,0,1,0,0,0,0,0,1,0,0,0,0,0,1,0
447,2,48,36,1,85,95.0,0.0,0.0,1340,1771,0,1,0,0,0,0,0,0,1,0,0,0,1,0,0,0
451,3,60,19,1,45,198.0,2500.0,0.0,1100,1194,0,0,0,0,0,1,0,1,0,0,0,0,0,0,1,0
460,3,60,34,2,75,200.0,2500.0,0.0,1350,1589,0,0,0,1,0,0,0,0,1,0,0,0,1,0,0,0
462,0,48,29,1,35,55.0,4000.0,0.0,757,1566,0,0,1,0,0,0,0,0,0,0,1,0,1,0,0,0
466,2,60,46,1,49,136.0,0.0,0.0,1500,1687,0,1,0,0,0,0,0,0,0,0,1,0,1,0,0,0
482,2,54,24,2,35,,0.0,0.0,1800,2646,0,0,0,0,0,1,0,1,0,0,0,0,0,0,1,0
483,15,60,37,1,90,90.0,5000.0,1800.0,1500,1816,0,0,1,0,0,0,0,0,1,0,0,0,0,0,0,1
484,0,60,43,1,75,,0.0,0.0,1400,1700,0,1,0,0,0,0,0,0,1,0,0,0,0,0,1,0
496,12,60,55,2,62,170.0,0.0,0.0,1800,2154,0,1,0,0,0,0,0,0,1,0,0,0,1,0,0,0
499,2,60,31,1,35,55.0,7500.0,0.0,800,1351,0,0,1,0,0,0,0,1,0,0,0,0,1,0,0,0
500,30,60,56,1,45,80.0,10000.0,0.0,1500,2040,0,0,0,0,0,1,0,0,1,0,0,0,1,0,0,0
502,0,48,25,1,35,139.0,0.0,0.0,1200,1202,0,0,0,0,0,0,1,1,0,0,0,0,1,0,0,0
504,5,24,41,1,35,,0.0,0.0,500,1000,0,0,0,0,0,0,1,0,0,0,1,0,0,0,1,0
509,3,60,37,1,90,166.0,3000.0,0.0,800,877,0,0,1,0,0,0,0,0,1,0,0,0,0,1,0,0
514,1,36,28,1,52,170.0,0.0,0.0,350,1500,0,1,0,0,0,0,0,1,0,0,0,0,0,0,1,0
523,4,60,28,1,45,135.0,0.0,0.0,1350,1471,0,0,0,0,0,1,0,0,1,0,0,0,0,1,0,0
533,13,54,52,1,75,80.0,4000.0,0.0,1300,1394,0,0,1,0,0,0,0,0,1,0,0,0,1,0,0,0
547,16,60,42,1,75,81.0,3500.0,0.0,870,873,0,0,1,0,0,0,0,0,1,0,0,0,1,0,0,0
548,1,60,23,1,35,100.0,0.0,0.0,1210,1450,0,0,0,0,0,1,0,1,0,0,0,0,1,0,0,0
549,0,60,40,2,75,260.0,2500.0,0.0,1500,1607,0,0,0,0,0,0,1,0,1,0,0,0,1,0,0,0
556,13,60,40,1,64,35.0,2500.0,0.0,1920,1920,0,1,0,0,0,0,0,0,0,0,1,0,0,0,1,0
558,0,36,28,2,45,297.0,8000.0,0.0,1360,1362,0,0,0,0,0,0,1,0,1,0,0,0,0,0,0,1
559,1,60,33,1,91,161.0,0.0,0.0,1700,1770,0,1,0,0,0,0,0,0,1,0,0,0,1,0,0,0
566,0,60,31,1,60,,0.0,0.0,1400,1500,0,0,0,0,0,0,1,0,1,0,0,0,0,0,1,0
571,3,36,25,1,45,,0.0,0.0,900,1270,0,0,0,0,0,0,1,1,0,0,0,0,1,0,0,0
574,0,60,27,1,45,113.0,3000.0,1500.0,1200,1532,0,0,1,0,0,0,0,0,1,0,0,0,0,1,0,0
577,0,60,47,1,75,156.0,2000.0,200.0,600,1556,0,0,0,1,0,0,0,0,1,0,0,0,0,1,0,0
579,1,60,42,1,120,143.0,5500.0,2000.0,1160,1285,0,0,1,0,0,0,0,0,1,0,0,0,0,1,0,0
580,17,48,52,1,93,180.0,0.0,0.0,1200,1338,0,1,0,0,0,0,0,0,1,0,0,0,1,0,0,0
581,0,60,26,1,35,,0.0,0.0,1200,1571,0,0,0,0,0,0,1,1,0,0,0,0,0,0,0,1
587,8,36,48,2,35,121.0,3000.0,0.0,400,925,0,0,1,0,0,0,0,0,1,0,0,0,1,0,0,0
593,13,60,30,2,75,85.0,3500.0,0.0,1100,1417,0,0,0,1,0,0,0,0,1,0,0,0,1,0,0,0
603,1,24,50,1,60,125.0,5000.0,3000.0,360,510,0,0,0,1,0,0,0,0,1,0,0,0,0,0,1,0
606,0,48,35,2,60,300.0,0.0,0.0,1400,1748,0,0,0,0,0,1,0,0,1,0,0,0,1,0,0,0
607,9,60,34,2,75,300.0,4000.0,300.0,1000,1392,0,0,1,0,0,0,0,0,1,0,0,0,0,0,1,0
610,19,60,37,2,35,115.0,10000.0,6000.0,1500,1758,0,0,1,0,0,0,0,1,0,0,0,0,1,0,0,0
623,0,60,38,1,90,86.0,5000.0,0.0,1600,1682,0,0,0,0,0,1,0,0,1,0,0,0,0,1,0,0
629,21,60,55,1,56,107.0,0.0,0.0,1100,1353,0,1,0,0,0,0,0,0,0,1,0,0,1,0,0,0
632,10,60,58,1,82,470.0,0.0,0.0,1350,1488,0,1,0,0,0,0,0,0,0,0,0,1,0,0,1,0
637,2,48,25,1,45,90.0,3000.0,2000.0,800,1567,0,0,0,1,0,0,0,0,1,0,0,0,0,1,0,0
645,11,60,37,2,74,135.0,0.0,0.0,1400,1937,0,1,0,0,0,0,0,1,0,0,0,0,1,0,0,0
648,1,60,25,1,60,137.0,2700.0,1900.0,1150,1255,0,0,1,0,0,0,0,0,1,0,0,0,0,1,0,0
652,11,18,39,2,60,,0.0,0.0,250,400,0,1,0,0,0,0,0,0,1,0,0,0,0,0,1,0
653,0,60,29,2,45,100.0,4500.0,0.0,1200,1406,0,0,1,0,0,0,0,0,1,0,0,0,1,0,0,0
671,15,36,49,1,75,70.0,3572.0,1728.0,1650,2755,0,0,1,0,0,0,0,0,1,0,0,0,0,0,1,0
672,3,60,34,2,85,100.0,0.0,0.0,1000,1600,0,1,0,0,0,0,0,0,1,0,0,0,1,0,0,0
681,1,60,24,1,52,70.0,0.0,0.0,1200,1360,0,1,0,0,0,0,0,0,1,0,0,0,1,0,0,0
688,6,48,32,2,35,85.0,0.0,0.0,1100,1330,0,0,0,0,0,1,0,1,0,0,0,0,1,0,0,0
695,2,36,37,1,105,300.0,5000.0,0.0,1000,1570,0,0,1,0,0,0,0,0,1,0,0,0,0,1,0,0
698,4,48,27,1,75,,3000.0,2000.0,900,1150,0,0,1,0,0,0,0,0,1,0,0,0,0,0,1,0
699,15,60,37,2,107,319.0,0.0,0.0,1800,2215,0,1,0,0,0,0,0,0,1,0,0,0,1,0,0,0
700,20,60,49,1,85,100.0,0.0,0.0,1420,1586,0,1,0,0,0,0,0,0,1,0,0,0,1,0,0,0
707,0,24,47,1,35,,20000.0,4000.0,900,1100,0,0,1,0,0,0,0,0,0,0,1,0,0,0,1,0
709,3,60,23,1,35,63.0,0.0,0.0,800,1258,0,0,0,0,0,1,0,1,0,0,0,0,1,0,0,0
713,0,36,36,1,35,,0.0,0.0,1250,1575,0,0,0,0,0,0,1,1,0,0,0,0,0,0,1,0
714,9,60,28,1,90,64.0,1750.0,0.0,1055,1430,0,0,1,0,0,0,0,0,1,0,0,0,1,0,0,0
715,0,60,36,1,45,,0.0,0.0,1400,1409,0,0,0,0,0,0,1,0,1,0,0,0,0,1,0,0
723,2,60,24,1,45,126.0,0.0,0.0,1450,1585,0,0,0,0,0,0,1,0,1,0,0,0,0,1,0,0
730,5,60,24,1,56,111.0,0.0,0.0,1000,1570,0,1,0,0,0,0,0,0,1,0,0,0,1,0,0,0
732,0,48,43,1,75,,0.0,0.0,1400,1590,0,0,0,0,0,0,1,0,1,0,0,0,1,0,0,0
735,1,48,36,2,35,173.0,7700.0,0.0,1000,2008,0,0,0,1,0,0,0,1,0,0,0,0,1,0,0,0
739,3,48,43,1,73,126.0,0.0,0.0,1300,1770,0,1,0,0,0,0,0,0,1,0,0,0,0,1,0,0
745,2,60,42,2,35,,0.0,0.0,1900,2259,0,1,0,0,0,0,0,1,0,0,0,0,1,0,0,0
747,10,48,40,1,66,60.0,0.0,0.0,500,820,0,1,0,0,0,0,0,0,1,0,0,0,0,1,0,0
753,14,60,44,1,75,100.0,3500.0,0.0,1210,1450,0,0,1,0,0,0,0,0,1,0,0,0,1,0,0,0
757,6,48,65,1,69,237.0,0.0,0.0,1571,1571,0,1,0,0,0,0,0,0,1,0,0,0,0,0,0,1
762,0,36,36,2,45,300.0,30000.0,0.0,3000,6802,0,0,0,0,0,0,1,0,1,0,0,0,0,0,1,0
766,4,6,42,1,45,275.0,4800.0,1200.0,2400,3400,0,0,1,0,0,0,0,0,1,0,0,0,1,0,0,0
767,2,48,40,2,90,250.0,9000.0,7000.0,1250,1776,0,0,1,0,0,0,0,0,1,0,0,0,1,0,0,0
769,18,48,43,1,90,100.0,3500.0,0.0,1400,1403,0,0,1,0,0,0,0,0,1,0,0,0,1,0,0,0
770,4,60,38,2,118,130.0,0.0,0.0,900,1086,0,1,0,0,0,0,0,0,1,0,0,0,1,0,0,0
782,1,60,33,1,75,76.0,2500.0,550.0,800,1105,0,0,1,0,0,0,0,0,1,0,0,0,0,1,0,0
784,0,18,50,1,135,,2000.0,0.0,700,1256,0,0,1,0,0,0,0,0,1,0,0,0,0,0,1,0
791,1,48,19,1,35,70.0,0.0,0.0,1000,1075,0,0,0,0,0,1,0,1,0,0,0,0,1,0,0,0
796,1,60,27,1,43,75.0,0.0,0.0,1000,1375,0,1,0,0,0,0,0,1,0,0,0,0,1,0,0,0
797,0,60,34,1,35,70.0,0.0,0.0,900,1005,0,0,0,0,0,1,0,1,0,0,0,0,0,1,0,0
806,2,24,41,2,135,959.0,2000.0,500.0,1050,1474,0,0,0,1,0,0,0,0,1,0,0,0,0,0,1,0
813,4,60,42,1,75,135.0,4000.0,0.0,978,978,0,0,1,0,0,0,0,0,1,0,0,0,1,0,0,0
814,3,60,25,1,35,225.0,0.0,0.0,1130,1130,0,0,0,0,0,1,0,1,0,0,0,0,0,1,0,0
820,4,36,38,2,60,145.0,0.0,0.0,650,1000,0,1,0,0,0,0,0,0,1,0,0,0,1,0,0,0
821,22,60,50,1,90,210.0,16000.0,0.0,2100,2500,0,0,1,0,0,0,0,0,1,0,0,0,1,0,0,0
822,1,60,29,2,35,102.0,0.0,0.0,1100,1120,0,0,0,0,0,1,0,0,1,0,0,0,0,1,0,0
823,10,24,52,1,45,,2000.0,0.0,400,1242,0,1,0,0,0,0,0,0,1,0,0,0,0,0,1,0
827,15,60,33,2,64,36.0,0.0,0.0,1150,1150,0,1,0,0,0,0,0,0,1,0,0,0,0,0,1,0
840,1,36,39,1,85,100.0,0.0,0.0,600,975,0,1,0,0,0,0,0,0,1,0,0,0,1,0,0,0
848,13,60,34,1,35,56.0,7000.0,1500.0,1250,1525,0,0,1,0,0,0,0,0,0,0,1,0,1,0,0,0
863,0,48,39,1,60,200.0,5500.0,0.0,3075,4575,0,0,1,0,0,0,0,0,1,0,0,0,0,0,1,0
872,0,60,47,2,45,250.0,100000.0,0.0,1300,1700,0,0,0,0,0,0,1,0,1,0,0,0,0,0,0,1
875,15,60,36,2,97,65.0,0.0,0.0,1000,1168,0,1,0,0,0,0,0,0,1,0,0,0,0,0,1,0
880,1,48,26,1,35,116.0,2000.0,0.0,1100,1123,0,0,0,0,0,0,1,1,0,0,0,0,0,1,0,0
883,2,60,24,1,70,100.0,0.0,0.0,900,1127,0,1,0,0,0,0,0,0,1,0,0,0,1,0,0,0
885,1,60,20,1,35,113.0,13000.0,0.0,1500,2179,0,0,0,0,0,1,0,1,0,0,0,0,0,0,1,0
890,1,60,52,1,55,99.0,0.0,0.0,750,873,0,1,0,0,0,0,0,0,0,0,0,1,1,0,0,0
892,5,60,43,2,75,166.0,7000.0,700.0,1000,1040,0,0,1,0,0,0,0,0,1,0,0,0,0,0,1,0
899,1,60,30,1,35,70.0,0.0,0.0,925,925,0,0,0,0,0,1,0,0,0,0,1,0,0,1,0,0
913,1,48,47,1,74,140.0,0.0,0.0,2000,2201,0,1,0,0,0,0,0,0,1,0,0,0,1,0,0,0
923,3,60,23,1,35,71.0,1500.0,0.0,1150,1386,0,0,1,0,0,0,0,1,0,0,0,0,0,1,0,0
934,4,60,33,1,82,69.0,0.0,0.0,2000,2216,0,1,0,0,0,0,0,0,1,0,0,0,0,0,1,0
939,3,48,38,1,75,40.0,3500.0,0.0,600,882,0,0,0,0,0,0,1,0,1,0,0,0,0,0,1,0
941,0,24,29,1,60,,0.0,0.0,275,275,0,1,0,0,0,0,0,0,1,0,0,0,0,0,1,0
942,0,36,21,1,45,161.0,2500.0,0.0,580,580,0,0,0,0,0,1,0,1,0,0,0,0,0,1,0,0
946,4,48,29,2,42,73.0,0.0,0.0,579,1097,0,1,0,0,0,0,0,0,1,0,0,0,1,0,0,0
950,2,60,23,1,45,78.0,5000.0,6300.0,1075,1123,0,0,1,0,0,0,0,0,1,0,0,0,1,0,0,0
951,10,36,36,1,75,,10000.0,0.0,1000,1400,0,0,1,0,0,0,0,0,1,0,0,0,0,0,1,0
959,1,36,33,1,35,125.0,0.0,0.0,600,1600,0,0,0,0,0,1,0,1,0,0,0,0,1,0,0,0
962,11,36,52,1,93,176.0,0.0,0.0,350,350,0,1,0,0,0,0,0,0,1,0,0,0,1,0,0,0
966,1,36,25,2,69,92.0,0.0,0.0,475,550,0,1,0,0,0,0,0,0,1,0,0,0,0,1,0,0
968,2,60,53,1,75,85.0,7000.0,0.0,1050,1172,0,0,0,1,0,0,0,0,1,0,0,0,1,0,0,0
971,1,60,23,1,35,100.0,0.0,0.0,1500,2610,0,0,0,0,0,1,0,1,0,0,0,0,1,0,0,0
974,1,48,46,1,103,125.0,1500.0,0.0,1100,1408,0,1,0,0,0,0,0,0,1,0,0,0,1,0,0,0
982,4,60,52,1,97,72.0,0.0,0.0,1200,1200,0,1,0,0,0,0,0,0,1,0,0,0,1,0,0,0
984,0,36,43,1,35,49.0,2000.0,0.0,400,710,0,0,1,0,0,0,0,0,0,1,0,0,0,0,0,1
988,4,60,27,2,35,,0.0,0.0,1700,1700,0,1,0,0,0,0,0,0,0,1,0,0,0,0,1,0
997,6,36,49,2,113,380.0,0.0,0.0,1000,1337,0,1,0,0,0,0,0,0,1,0,0,0,0,0,1,0
1000,2,60,24,1,35,,0.0,0.0,850,989,0,1,0,0,0,0,0,1,0,0,0,0,1,0,0,0
1002,0,60,48,1,75,100.0,7000.0,0.0,1000,1129,0,0,1,0,0,0,0,0,1,0,0,0,0,1,0,0
1004,5,48,32,2,45,225.0,0.0,0.0,1000,1812,0,0,0,0,0,0,1,0,1,0,0,0,1,0,0,0
1007,3,36,40,2,75,176.0,0.0,0.0,950,1150,0,0,0,0,0,0,1,0,1,0,0,0,1,0,0,0
1009,3,60,27,1,90,126.0,4000.0,0.0,1400,1800,0,0,0,0,0,0,1,0,1,0,0,0,1,0,0,0
1011,1,60,36,1,60,101.0,0.0,0.0,850,1098,0,0,0,0,0,0,1,0,1,0,0,0,1,0,0,0
1012,10,60,31,1,60,119.0,0.0,0.0,1600,1750,0,0,0,0,0,1,0,0,1,0,0,0,1,0,0,0
1014,0,48,40,1,90,113.0,3500.0,0.0,600,710,0,0,0,0,0,1,0,0,1,0,0,0,0,1,0,0
1016,0,60,39,2,35,,0.0,0.0,2350,2679,0,1,0,0,0,0,0,1,0,0,0,0,1,0,0,0
1019,0,36,22,1,60,137.0,0.0,0.0,700,900,0,0,0,0,0,1,0,0,1,0,0,0,0,1,0,0
1021,5,60,36,1,90,62.0,3000.0,0.0,650,1295,0,0,1,0,0,0,0,0,1,0,0,0,0,0,1,0
1026,3,36,35,2,60,144.0,3000.0,0.0,475,690,0,0,1,0,0,0,0,0,1,0,0,0,0,1,0,0
1035,43,60,57,2,45,283.0,8000.0,0.0,900,1168,0,0,1,0,0,0,0,0,1,0,0,0,1,0,0,0
1039,0,60,36,2,85,100.0,0.0,0.0,1100,1256,0,1,0,0,0,0,0,0,1,0,0,0,1,0,0,0
1043,3,36,32,1,35,,0.0,0.0,950,1350,0,1,0,0,0,0,0,1,0,0,0,0,0,0,1,0
1045,2,60,21,1,35,86.0,0.0,0.0,1400,1600,0,0,0,0,0,0,1,1,0,0,0,0,1,0,0,0
1053,12,60,47,2,75,285.0,20000.0,0.0,1440,1440,0,0,1,0,0,0,0,0,1,0,0,0,0,0,1,0
1070,2,24,37,1,35,78.0,0.0,0.0,800,1298,0,0,0,0,0,1,0,1,0,0,0,0,1,0,0,0
1078,0,48,28,1,66,64.0,0.0,0.0,1100,1365,0,1,0,0,0,0,0,0,1,0,0,0,0,1,0,0
1080,3,36,21,1,35,85.0,0.0,0.0,105,105,0,0,0,0,0,1,0,1,0,0,0,0,1,0,0,0
1091,4,36,28,1,35,116.0,0.0,0.0,925,1350,0,0,0,0,0,1,0,1,0,0,0,0,1,0,0,0
1096,2,60,57,1,50,52.0,1800.0,0.0,800,866,0,1,0,0,0,0,0,0,1,0,0,0,0,0,0,1
1097,0,24,46,2,35,78.0,0.0,0.0,550,550,0,0,0,0,0,0,1,1,0,0,0,0,1,0,0,0
1099,0,60,44,1,60,,25000.0,0.0,850,972,0,0,1,0,0,0,0,0,1,0,0,0,0,0,0,1
1112,0,48,39,2,153,330.0,0.0,0.0,1000,1260,0,1,0,0,0,0,0,0,1,0,0,0,1,0,0,0
1122,15,24,47,2,79,41.0,7000.0,0.0,1200,2257,0,1,0,0,0,0,0,0,1,0,0,0,0,0,1,0
1124,5,36,26,1,35,,5000.0,3000.0,1200,2140,0,0,0,0,0,1,0,1,0,0,0,0,0,0,1,0
1132,0,60,62,2,90,136.0,2650.0,0.0,600,790,0,0,1,0,0,0,0,0,1,0,0,0,0,0,0,1
1133,10,60,42,1,90,40.0,5000.0,1600.0,2000,2550,0,0,1,0,0,0,0,0,1,0,0,0,0,0,1,0
1135,1,60,34,1,75,190.0,0.0,0.0,700,719,0,0,0,0,0,1,0,0,1,0,0,0,1,0,0,0
1138,0,24,21,2,35,126.0,0.0,0.0,1150,1586,0,0,0,0,0,1,0,1,0,0,0,0,0,1,0,0
1139,10,48,35,1,75,55.0,4000.0,0.0,1500,1786,0,0,1,0,0,0,0,0,1,0,0,0,0,1,0,0
1140,1,60,49,1,105,88.0,2000.0,0.0,850,1149,0,0,1,0,0,0,0,0,1,0,0,0,0,1,0,0
1141,1,60,35,1,35,181.0,4500.0,0.0,1600,1912,0,0,1,0,0,0,0,1,0,0,0,0,0,1,0,0
1142,14,60,33,2,90,77.0,3400.0,0.0,1500,1813,0,0,0,1,0,0,0,0,1,0,0,0,1,0,0,0
1143,4,36,27,2,35,110.0,0.0,0.0,300,550,0,0,0,0,0,1,0,0,0,0,1,0,1,0,0,0
1152,6,36,49,1,65,54.0,0.0,0.0,450,615,0,1,0,0,0,0,0,0,1,0,0,0,0,0,0,1
1156,0,36,30,1,45,32.0,0.0,0.0,650,750,0,0,0,0,0,1,0,1,0,0,0,0,0,0,0,1
1165,3,36,38,1,90,300.0,3000.0,0.0,1200,1881,0,0,1,0,0,0,0,0,1,0,0,0,0,0,1,0
1167,0,60,41,2,105,,0.0,0.0,1000,2750,0,0,0,0,0,0,1,0,1,0,0,0,1,0,0,0
1171,7,48,29,1,60,62.0,4000.0,0.0,984,984,0,0,1,0,0,0,0,0,1,0,0,0,1,0,0,0
1179,5,48,22,1,35,82.0,0.0,0.0,480,1910,0,0,0,0,0,0,1,1,0,0,0,0,1,0,0,0
1191,0,48,45,1,75,120.0,0.0,0.0,900,964,0,0,0,0,0,0,1,0,1,0,0,0,0,0,1,0
1193,2,60,22,1,35,83.0,0.0,0.0,1400,1430,0,0,0,0,0,0,1,1,0,0,0,0,1,0,0,0
1195,0,48,52,2,90,245.0,3850.0,2432.0,1520,1670,0,0,1,0,0,0,0,0,1,0,0,0,0,0,0,1
1201,3,60,32,1,35,122.0,0.0,0.0,2000,2050,0,0,0,0,0,1,0,1,0,0,0,0,1,0,0,0
1219,2,60,29,2,60,185.0,6300.0,2300.0,2000,2675,0,0,1,0,0,0,0,0,1,0,0,0,1,0,0,0
1232,25,60,61,2,45,100.0,39000.0,0.0,1060,1134,0,0,1,0,0,0,0,0,1,0,0,0,0,0,1,0
1233,3,18,30,1,54,90.0,0.0,0.0,300,425,0,1,0,0,0,0,0,0,1,0,0,0,0,0,1,0
1246,2,60,25,1,35,90.0,0.0,0.0,900,1111,0,0,0,0,0,1,0,0,0,0,0,1,0,1,0,0
1249,0,60,47,2,45,,0.0,0.0,1500,1600,0,0,0,0,0,0,1,0,0,1,0,0,0,0,1,0
1252,12,60,34,1,60,115.0,4000.0,0.0,1650,1686,0,0,1,0,0,0,0,0,1,0,0,0,1,0,0,0
1265,4,60,25,1,35,92.0,0.0,0.0,1400,1661,0,0,0,0,0,0,1,1,0,0,0,0,0,1,0,0
1271,0,48,25,1,60,247.0,0.0,0.0,1900,1900,0,0,0,0,0,1,0,0,1,0,0,0,1,0,0,0
1277,0,60,20,1,35,79.0,0.0,0.0,1570,1575,0,0,0,0,0,1,0,1,0,0,0,0,1,0,0,0
1283,10,60,39,2,119,292.0,13000.0,2500.0,1500,2262,0,1,0,0,0,0,0,0,1,0,0,0,0,0,1,0
1286,3,60,48,2,47,120.0,0.0,0.0,1000,1077,0,1,0,0,0,0,0,0,0,0,1,0,1,0,0,0
1291,3,24,22,1,50,148.0,0.0,0.0,700,950,0,1,0,0,0,0,0,1,0,0,0,0,0,0,1,0
1296,6,36,41,2,75,,0.0,0.0,775,875,0,1,0,0,0,0,0,0,1,0,0,0,0,0,1,0
1300,0,60,62,1,45,42.0,4000.0,0.0,500,827,0,0,1,0,0,0,0,0,1,0,0,0,0,0,0,1
1301,2,36,24,1,35,90.0,0.0,0.0,1000,1150,0,0,0,0,0,1,0,1,0,0,0,0,1,0,0,0
1305,5,36,45,2,75,68.0,0.0,0.0,2375,2875,0,0,0,0,0,1,0,0,1,0,0,0,1,0,0,0
1312,2,12,47,2,103,426.0,0.0,0.0,350,450,0,1,0,0,0,0,0,0,1,0,0,0,1,0,0,0
1317,10,60,26,1,60,63.0,5000.0,3000.0,1400,1432,0,0,1,0,0,0,0,0,1,0,0,0,1,0,0,0
1319,14,36,45,1,45,190.0,12000.0,0.0,2100,2758,0,0,1,0,0,0,0,0,0,0,1,0,1,0,0,0
1324,2,60,36,2,60,140.0,29000.0,0.0,3900,4812,0,0,1,0,0,0,0,0,1,0,0,0,0,0,1,0
1327,1,36,25,1,54,87.0,0.0,0.0,500,646,0,1,0,0,0,0,0,0,1,0,0,0,1,0,0,0
1349,2,48,36,1,45,99.0,0.0,0.0,750,1350,0,1,0,0,0,0,0,0,0,0,0,1,1,0,0,0
1353,5,36,22,1,42,70.0,0.0,0.0,850,870,0,1,0,0,0,0,0,1,0,0,0,0,1,0,0,0
1355,1,48,24,2,35,65.0,0.0,0.0,900,1061,0,0,0,0,0,1,0,1,0,0,0,0,1,0,0,0
1365,0,60,31,2,90,,0.0,0.0,1450,1604,0,0,0,0,0,0,1,0,1,0,0,0,1,0,0,0
1369,2,48,20,1,35,450.0,31000.0,0.0,1500,1853,0,0,1,0,0,0,0,1,0,0,0,0,0,0,1,0
1373,6,36,44,1,75,150.0,7000.0,600.0,650,650,0,0,1,0,0,0,0,0,1,0,0,0,1,0,0,0
1379,1,36,27,1,45,127.0,4500.0,3000.0,600,745,0,0,1,0,0,0,0,0,1,0,0,0,0,1,0,0
1385,1,48,29,1,77,170.0,0.0,0.0,1300,2262,0,1,0,0,0,0,0,0,1,0,0,0,0,1,0,0
1387,1,42,24,2,35,60.0,0.0,0.0,1200,1616,0,0,0,0,0,0,1,1,0,0,0,0,1,0,0,0
1404,12,48,49,2,45,152.0,7500.0,0.0,1100,2120,0,0,1,0,0,0,0,0,1,0,0,0,1,0,0,0
1414,20,36,57,1,90,114.0,5000.0,1500.0,1000,1193,0,0,1,0,0,0,0,0,1,0,0,0,1,0,0,0
1420,0,60,36,2,75,,6000.0,0.0,1650,1861,0,0,1,0,0,0,0,0,1,0,0,0,0,0,1,0
1425,1,48,26,1,45,100.0,0.0,0.0,1400,1968,0,1,0,0,0,0,0,1,0,0,0,0,1,0,0,0
1433,10,60,27,1,45,120.0,5000.0,2000.0,1570,1914,0,0,1,0,0,0,0,0,1,0,0,0,1,0,0,0
1435,0,48,26,1,45,,16000.0,3648.0,400,1751,0,0,1,0,0,0,0,0,1,0,0,0,0,0,1,0
1440,0,36,52,1,45,,0.0,0.0,500,1050,0,0,0,0,0,0,1,0,1,0,0,0,0,0,1,0
1465,3,36,19,2,35,47.0,0.0,0.0,500,700,0,0,0,0,0,1,0,1,0,0,0,0,1,0,0,0
1474,8,60,40,1,70,100.0,0.0,0.0,1300,1510,0,1,0,0,0,0,0,0,0,0,1,0,1,0,0,0
1475,1,60,52,1,35,150.0,6000.0,0.0,1580,1756,0,0,1,0,0,0,0,1,0,0,0,0,1,0,0,0
1477,0,48,38,1,90,38.0,2800.0,0.0,1050,1238,0,0,1,0,0,0,0,0,1,0,0,0,0,0,1,0
1478,1,36,25,1,67,67.0,0.0,0.0,775,850,0,1,0,0,0,0,0,0,1,0,0,0,0,1,0,0
1481,0,60,44,2,60,60.0,4000.0,3378.0,1400,1703,0,0,1,0,0,0,0,0,0,0,0,1,1,0,0,0
1489,7,60,40,1,90,93.0,8000.0,0.0,1300,1588,0,0,0,0,0,1,0,0,1,0,0,0,1,0,0,0
1494,1,60,61,1,45,30.0,6000.0,0.0,1000,1055,0,0,1,0,0,0,0,0,1,0,0,0,0,0,0,1
1504,5,60,44,1,45,65.0,4000.0,0.0,1400,1847,0,0,1,0,0,0,0,0,1,0,0,0,0,0,1,0
1506,0,48,37,2,120,300.0,8000.0,2000.0,1500,2977,0,1,0,0,0,0,0,0,1,0,0,0,0,1,0,0
1507,6,24,39,1,75,58.0,2000.0,0.0,175,300,0,0,1,0,0,0,0,0,1,0,0,0,1,0,0,0
1508,20,60,54,1,75,,10000.0,0.0,900,1056,0,0,1,0,0,0,0,0,1,0,0,0,0,0,1,0
1514,5,48,25,1,35,78.0,0.0,0.0,1000,1154,0,0,0,0,0,1,0,1,0,0,0,0,1,0,0,0
1525,6,60,38,1,45,75.0,0.0,0.0,1175,1800,0,0,0,0,0,1,0,0,1,0,0,0,1,0,0,0
1526,8,60,28,1,53,177.0,0.0,0.0,1900,2530,0,1,0,0,0,0,0,0,1,0,0,0,1,0,0,0
1527,0,36,21,2,35,75.0,0.0,0.0,690,790,0,0,0,0,0,1,0,1,0,0,0,0,1,0,0,0
1531,6,36,29,1,35,68.0,1500.0,0.0,500,525,0,0,0,1,0,0,0,1,0,0,0,0,0,1,0,0
1534,1,60,39,1,60,,6000.0,3000.0,850,1104,0,0,1,0,0,0,0,0,1,0,0,0,0,0,1,0
1540,1,48,25,1,35,50.0,0.0,0.0,1000,1041,0,0,0,0,0,1,0,1,0,0,0,0,0,1,0,0
1548,0,60,34,2,60,,0.0,0.0,1700,2329,0,0,0,0,0,0,1,0,1,0,0,0,1,0,0,0
1553,0,60,33,1,45,128.0,4500.0,0.0,1250,1442,0,0,1,0,0,0,0,0,1,0,0,0,0,1,0,0
1555,9,60,35,1,60,70.0,0.0,0.0,1500,1562,0,0,0,0,0,0,1,0,1,0,0,0,1,0,0,0
1570,5,48,44,2,75,199.0,4600.0,0.0,1600,2631,0,0,0,1,0,0,0,0,1,0,0,0,1,0,0,0
1571,0,48,30,1,60,150.0,0.0,0.0,1300,1582,0,1,0,0,0,0,0,0,1,0,0,0,0,1,0,0
1574,20,60,50,2,45,125.0,3000.0,0.0,1500,1600,0,0,1,0,0,0,0,0,1,0,0,0,0,0,1,0
1577,1,48,42,1,35,210.0,6500.0,1500.0,1650,1679,0,0,1,0,0,0,0,0,0,0,0,1,1,0,0,0
1579,7,48,22,1,45,,0.0,0.0,1100,1729,0,0,0,0,0,0,1,0,1,0,0,0,0,0,1,0
1582,10,12,25,1,35,,0.0,0.0,675,1387,0,0,0,0,0,1,0,1,0,0,0,0,0,0,1,0
1584,1,48,26,1,75,180.0,1600.0,0.0,1450,1610,0,0,1,0,0,0,0,0,1,0,0,0,0,0,1,0
1585,10,48,34,1,83,79.0,0.0,0.0,1200,1215,0,1,0,0,0,0,0,0,1,0,0,0,1,0,0,0
1587,11,36,37,2,60,205.0,13600.0,4500.0,450,625,0,0,1,0,0,0,0,0,1,0,0,0,0,0,1,0
1596,4,48,26,1,50,150.0,0.0,0.0,1100,1335,0,1,0,0,0,0,0,1,0,0,0,0,0,0,1,0
1599,10,60,43,1,90,110.0,4500.0,1500.0,750,936,0,0,0,1,0,0,0,0,1,0,0,0,1,0,0,0
1600,0,48,39,2,45,132.0,3500.0,0.0,1000,1603,0,0,1,0,0,0,0,0,1,0,0,0,0,1,0,0
1604,0,36,38,2,75,125.0,11000.0,0.0,2500,3350,0,0,0,0,0,1,0,0,1,0,0,0,0,0,1,0
1615,0,60,46,1,35,150.0,0.0,0.0,1400,1490,0,0,0,0,0,0,1,1,0,0,0,0,1,0,0,0
1623,0,36,26,1,35,70.0,3500.0,350.0,375,500,0,0,0,0,0,1,0,1,0,0,0,0,0,1,0,0
1646,2,48,34,1,90,250.0,16000.0,2000.0,1500,1768,0,0,1,0,0,0,0,0,1,0,0,0,0,0,1,0
1648,6,48,37,1,77,170.0,0.0,0.0,887,887,0,1,0,0,0,0,0,0,1,0,0,0,1,0,0,0
1649,4,36,27,1,47,116.0,0.0,0.0,1300,1700,0,1,0,0,0,0,0,0,0,0,1,0,1,0,0,0
1654,1,36,28,2,60,95.0,4000.0,0.0,500,625,0,0,0,0,0,1,0,0,1,0,0,0,1,0,0,0
1656,2,60,27,2,60,115.0,4000.0,800.0,2250,2850,0,0,1,0,0,0,0,0,1,0,0,0,1,0,0,0
1663,2,48,29,1,75,96.0,6000.0,3000.0,1200,1521,0,0,0,0,0,0,1,0,1,0,0,0,1,0,0,0
1672,1,48,33,1,60,250.0,0.0,0.0,1300,1573,0,1,0,0,0,0,0,0,0,0,0,1,1,0,0,0
1676,4,48,47,2,45,,,,1350,2172,1,0,0,0,0,0,0,0,1,0,0,0,0,0,1,0
1680,15,60,58,2,60,117.0,6000.0,0.0,1500,1670,0,0,1,0,0,0,0,0,1,0,0,0,1,0,0,0
1682,0,60,20,1,35,120.0,5500.0,1200.0,1170,1362,0,0,0,0,0,1,0,1,0,0,0,0,1,0,0,0
1686,2,60,38,2,75,74.0,3500.0,500.0,1700,1888,0,0,1,0,0,0,0,0,1,0,0,0,1,0,0,0
1698,4,36,34,1,70,100.0,0.0,0.0,900,1150,0,1,0,0,0,0,0,0,1,0,0,0,1,0,0,0
1700,0,60,65,1,45,69.0,10000.0,0.0,1500,1750,0,0,1,0,0,0,0,0,1,0,0,0,0,0,0,1
1712,5,60,43,1,75,120.0,2000.0,40.0,1400,1600,0,0,1,0,0,0,0,0,1,0,0,0,0,1,0,0
1713,10,60,56,1,60,161.0,5000.0,0.0,1500,1844,0,0,1,0,0,0,0,0,1,0,0,0,1,0,0,0
1716,0,36,23,1,81,60.0,0.0,0.0,450,450,0,1,0,0,0,0,0,0,1,0,0,0,0,1,0,0
1725,0,60,43,1,75,144.0,7600.0,0.0,1465,1544,0,0,0,0,0,0,1,0,1,0,0,0,0,0,1,0
1731,3,48,23,1,35,182.0,0.0,0.0,1100,1427,0,0,0,0,0,1,0,1,0,0,0,0,0,0,1,0
1736,12,60,37,1,84,92.0,0.0,0.0,1300,1850,0,1,0,0,0,0,0,0,1,0,0,0,0,0,1,0
1742,8,36,30,2,75,100.0,4000.0,1365.0,1220,1745,0,0,0,0,0,0,1,0,1,0,0,0,0,0,1,0
1744,10,36,44,2,75,,0.0,0.0,1300,2276,0,0,0,0,0,0,1,0,1,0,0,0,0,0,1,0
1746,0,60,27,1,35,149.0,0.0,0.0,1500,1601,0,0,0,0,0,0,1,1,0,0,0,0,1,0,0,0
1750,0,48,21,1,60,160.0,2500.0,0.0,1220,1598,0,0,1,0,0,0,0,1,0,0,0,0,0,1,0,0
1752,0,42,23,1,35,,0.0,0.0,1100,1135,0,0,0,0,0,0,1,1,0,0,0,0,0,1,0,0
1757,0,36,32,1,89,285.0,0.0,0.0,1000,1304,0,1,0,0,0,0,0,0,1,0,0,0,0,0,1,0
1761,8,48,29,2,35,,0.0,0.0,1145,1145,0,0,0,0,0,1,0,1,0,0,0,0,0,0,1,0
1763,40,36,62,2,45,157.0,13500.0,0.0,1000,1300,0,0,1,0,0,0,0,0,1,0,0,0,0,0,1,0
1772,0,60,31,1,35,128.0,0.0,0.0,900,982,0,0,0,0,0,0,1,1,0,0,0,0,0,1,0,0
1778,1,48,35,2,35,126.0,0.0,0.0,1300,1696,0,0,0,0,0,0,1,0,0,0,1,0,1,0,0,0
1781,0,60,22,1,35,55.0,0.0,0.0,1350,1400,0,0,0,0,0,0,1,1,0,0,0,0,0,1,0,0
1785,0,60,25,2,45,148.0,0.0,0.0,1400,1557,0,0,0,0,0,1,0,0,1,0,0,0,1,0,0,0
1790,3,12,26,1,35,120.0,3500.0,0.0,1000,1844,0,0,0,0,0,1,0,1,0,0,0,0,1,0,0,0
1792,12,60,51,1,45,144.0,9000.0,0.0,1450,1490,0,0,1,0,0,0,0,0,1,0,0,0,1,0,0,0
1796,3,24,60,1,90,50.0,16000.0,0.0,2750,2971,0,0,1,0,0,0,0,0,1,0,0,0,0,0,1,0
1797,0,60,34,1,75,,4000.0,1000.0,1275,1325,0,1,0,0,0,0,0,0,1,0,0,0,0,0,1,0
1798,1,60,33,1,85,250.0,5000.0,0.0,1700,1878,0,1,0,0,0,0,0,0,1,0,0,0,0,1,0,0
1799,1,48,36,1,101,112.0,0.0,0.0,1550,1839,0,1,0,0,0,0,0,0,1,0,0,0,0,1,0,0
1806,0,60,35,1,75,,700.0,0.0,1800,2292,0,1,0,0,0,0,0,0,1,0,0,0,0,0,0,1
1809,5,60,37,2,131,257.0,0.0,0.0,2200,2538,0,1,0,0,0,0,0,0,1,0,0,0,1,0,0,0
1825,2,60,32,2,75,142.0,4000.0,0.0,1300,1566,0,0,0,1,0,0,0,0,1,0,0,0,1,0,0,0
1828,10,60,30,2,35,66.0,0.0,0.0,280,855,0,0,0,0,0,1,0,0,0,0,1,0,1,0,0,0
1829,1,60,41,1,52,65.0,0.0,0.0,850,882,0,1,0,0,0,0,0,0,1,0,0,0,1,0,0,0
1831,3,60,22,1,35,100.0,10000.0,0.0,800,990,0,0,1,0,0,0,0,1,0,0,0,0,0,0,1,0
1838,28,60,57,2,35,227.0,15000.0,0.0,1700,1875,0,0,1,0,0,0,0,0,0,1,0,0,1,0,0,0
1845,1,60,24,1,57,124.0,0.0,0.0,1530,1586,0,1,0,0,0,0,0,0,1,0,0,0,1,0,0,0
1855,3,48,33,1,45,100.0,0.0,0.0,1350,1518,0,1,0,0,0,0,0,1,0,0,0,0,0,0,1,0
1865,1,60,29,1,84,86.0,0.0,0.0,1350,1743,0,1,0,0,0,0,0,0,1,0,0,0,1,0,0,0
1866,5,60,48,2,90,100.0,2000.0,792.0,1000,1034,0,0,1,0,0,0,0,0,1,0,0,0,1,0,0,0
1881,0,36,26,2,35,,0.0,0.0,550,600,0,0,0,0,0,0,1,1,0,0,0,0,0,1,0,0
1882,0,60,33,2,75,,0.0,0.0,2000,3467,0,0,0,0,0,0,1,0,1,0,0,0,0,1,0,0
1884,5,36,50,1,60,165.0,8000.0,0.0,750,875,0,0,0,1,0,0,0,0,1,0,0,0,1,0,0,0
1888,18,48,32,1,75,71.0,4000.0,39.0,660,1461,0,0,1,0,0,0,0,0,1,0,0,0,1,0,0,0
1892,27,18,47,2,75,,,,5000,6500,0,0,1,0,0,0,0,0,1,0,0,0,0,0,1,0
1899,7,60,49,2,67,68.0,0.0,0.0,1300,1500,0,1,0,0,0,0,0,0,1,0,0,0,1,0,0,0
1900,2,30,25,1,35,31.0,0.0,0.0,250,550,0,0,0,0,0,1,0,0,1,0,0,0,0,0,1,0
1902,0,36,24,1,60,,0.0,0.0,800,1250,0,0,0,0,0,0,1,0,1,0,0,0,0,1,0,0
1905,1,60,27,1,35,82.0,8000.0,0.0,1100,1300,0,0,0,0,0,1,0,1,0,0,0,0,0,1,0,0
1908,1,60,24,1,57,124.0,0.0,0.0,1350,1427,0,1,0,0,0,0,0,0,1,0,0,0,1,0,0,0
1920,10,60,44,1,60,70.0,15000.0,2880.0,1150,1297,0,0,0,1,0,0,0,0,1,0,0,0,0,0,1,0
1925,0,48,32,1,41,60.0,0.0,0.0,800,1566,0,1,0,0,0,0,0,1,0,0,0,0,1,0,0,0
1933,0,60,28,1,35,78.0,9500.0,0.0,1400,1850,0,0,1,0,0,0,0,0,1,0,0,0,1,0,0,0
1940,11,48,50,1,105,60.0,0.0,0.0,1500,1637,0,0,0,0,0,1,0,0,1,0,0,0,1,0,0,0
1946,6,60,41,2,55,97.0,7000.0,5000.0,1900,2260,0,1,0,0,0,0,0,0,0,0,0,1,1,0,0,0
1947,4,12,30,1,35,,0.0,0.0,350,999,0,0,0,0,0,0,1,1,0,0,0,0,0,0,1,0
1958,3,60,31,2,58,130.0,0.0,0.0,1500,1537,0,1,0,0,0,0,0,0,1,0,0,0,0,1,0,0
1959,0,24,54,2,45,185.0,60000.0,0.0,1400,1640,0,0,1,0,0,0,0,0,1,0,0,0,0,0,1,0
1960,6,36,28,1,75,83.0,7000.0,0.0,675,775,0,0,0,0,0,1,0,0,1,0,0,0,1,0,0,0
1961,0,48,44,1,90,,0.0,0.0,600,700,0,1,0,0,0,0,0,0,1,0,0,0,0,0,1,0
1969,15,48,45,1,150,,8000.0,0.0,1250,1757,0,0,1,0,0,0,0,0,1,0,0,0,0,0,1,0
1975,2,60,54,1,35,120.0,0.0,0.0,600,847,0,0,0,0,0,1,0,1,0,0,0,0,0,0,1,0
1976,0,60,43,1,120,,0.0,0.0,1200,1285,0,0,0,0,0,0,1,0,1,0,0,0,1,0,0,0
1979,0,48,26,1,45,,3500.0,0.0,1400,1463,0,0,0,0,0,0,1,0,1,0,0,0,0,0,0,1
1982,0,60,23,1,35,46.0,0.0,0.0,1340,1340,0,0,0,0,0,1,0,1,0,0,0,0,0,0,0,1
1992,1,36,35,1,75,43.0,3000.0,280.0,800,950,0,0,1,0,0,0,0,0,1,0,0,0,0,0,1,0
1994,0,36,37,1,75,75.0,0.0,0.0,500,800,0,0,0,0,0,0,1,0,1,0,0,0,0,0,0,1
1997,0,48,21,1,50,148.0,0.0,0.0,1500,1575,0,1,0,0,0,0,0,1,0,0,0,0,0,1,0,0
2009,5,60,47,2,46,106.0,8500.0,0.0,2500,2664,0,1,0,0,0,0,0,1,0,0,0,0,1,0,0,0
2010,0,48,26,1,35,120.0,0.0,0.0,1100,1100,0,0,0,0,0,1,0,1,0,0,0,0,1,0,0,0
2019,15,60,52,2,60,130.0,4000.0,0.0,1300,1450,0,0,1,0,0,0,0,0,1,0,0,0,1,0,0,0
2020,0,60,36,1,90,113.0,4000.0,198.0,400,790,0,0,1,0,0,0,0,0,1,0,0,0,0,1,0,0
2025,4,60,23,2,75,100.0,8000.0,1000.0,800,949,0,0,0,1,0,0,0,0,1,0,0,0,1,0,0,0
2026,1,60,21,1,41,60.0,0.0,0.0,850,930,0,1,0,0,0,0,0,1,0,0,0,0,0,1,0,0
2027,1,36,25,1,35,53.0,0.0,0.0,600,1415,0,0,0,0,0,1,0,1,0,0,0,0,0,1,0,0
2036,14,60,37,2,75,60.0,2500.0,0.0,1500,1648,0,0,1,0,0,0,0,0,1,0,0,0,1,0,0,0
2037,10,24,53,2,60,60.0,3000.0,0.0,1750,2038,0,0,1,0,0,0,0,0,1,0,0,0,1,0,0,0
2041,2,60,54,1,75,,0.0,0.0,1700,1700,0,1,0,0,0,0,0,0,1,0,0,0,1,0,0,0
2059,2,60,39,2,89,140.0,0.0,0.0,1500,1967,0,1,0,0,0,0,0,0,1,0,0,0,1,0,0,0
2061,15,60,39,1,90,150.0,0.0,0.0,1450,1450,0,1,0,0,0,0,0,0,1,0,0,0,1,0,0,0
2066,0,60,25,2,35,95.0,8000.0,0.0,1250,1742,0,0,0,0,0,1,0,1,0,0,0,0,1,0,0,0
2075,8,24,30,2,60,,0.0,0.0,450,600,0,1,0,0,0,0,0,0,1,0,0,0,0,0,1,0
2078,20,48,51,2,45,213.0,5000.0,1000.0,1100,1376,0,0,1,0,0,0,0,0,1,0,0,0,1,0,0,0
2082,3,30,22,1,60,,5000.0,0.0,1200,1426,0,0,0,1,0,0,0,1,0,0,0,0,0,0,1,0
2083,1,60,24,1,35,70.0,0.0,0.0,1750,1750,0,0,0,0,0,1,0,1,0,0,0,0,1,0,0,0
2085,1,60,55,2,91,157.0,0.0,0.0,2500,2860,0,1,0,0,0,0,0,0,1,0,0,0,1,0,0,0
2087,1,48,32,1,60,69.0,0.0,0.0,2000,2580,0,0,0,0,0,0,1,0,1,0,0,0,1,0,0,0
2097,2,48,20,1,35,136.0,0.0,0.0,900,1022,0,0,0,0,0,1,0,1,0,0,0,0,1,0,0,0
2114,12,48,47,1,75,300.0,0.0,0.0,2000,2196,0,1,0,0,0,0,0,0,1,0,0,0,0,0,1,0
2117,2,36,35,1,47,120.0,0.0,0.0,900,1200,0,1,0,0,0,0,0,1,0,0,0,0,1,0,0,0
2120,15,60,44,1,75,240.0,10000.0,7000.0,1000,1026,0,0,1,0,0,0,0,0,1,0,0,0,1,0,0,0
2132,2,60,27,1,60,46.0,3000.0,0.0,700,1130,0,0,1,0,0,0,0,1,0,0,0,0,1,0,0,0
2134,1,48,41,1,75,80.0,4000.0,30.0,1100,1409,0,0,0,1,0,0,0,0,1,0,0,0,0,1,0,0
2140,1,60,56,1,88,133.0,0.0,0.0,750,784,0,1,0,0,0,0,0,0,1,0,0,0,0,1,0,0
2142,0,36,35,2,75,120.0,4000.0,0.0,900,975,0,0,1,0,0,0,0,0,1,0,0,0,1,0,0,0
2144,1,60,22,1,35,45.0,0.0,0.0,1350,1520,0,0,0,0,0,1,0,1,0,0,0,0,1,0,0,0
2149,2,36,34,2,105,135.0,1200.0,0.0,400,425,0,0,0,1,0,0,0,0,1,0,0,0,1,0,0,0
2150,0,48,46,1,75,125.0,8500.0,0.0,1575,1702,0,0,0,1,0,0,0,0,1,0,0,0,0,1,0,0
2156,0,30,30,1,75,,0.0,0.0,600,830,0,1,0,0,0,0,0,0,1,0,0,0,0,0,1,0
2180,0,36,23,2,35,66.0,0.0,0.0,1000,1200,0,0,0,0,0,1,0,1,0,0,0,0,0,1,0,0
2189,2,36,36,1,90,59.0,0.0,0.0,500,715,0,0,0,0,0,1,0,0,1,0,0,0,0,0,1,0
2196,7,60,38,1,90,,0.0,0.0,1370,1397,0,1,0,0,0,0,0,0,1,0,0,0,0,0,1,0
2198,1,48,33,1,60,198.0,3000.0,0.0,1800,2196,0,0,1,0,0,0,0,0,1,0,0,0,0,0,1,0
2199,0,48,37,1,60,80.0,18000.0,0.0,900,975,0,0,0,0,1,0,0,0,1,0,0,0,1,0,0,0
2204,5,60,28,2,75,,21500.0,0.0,2000,2700,0,0,1,0,0,0,0,0,1,0,0,0,0,0,1,0
2210,0,36,36,1,82,70.0,3500.0,0.0,500,1350,0,1,0,0,0,0,0,0,1,0,0,0,0,1,0,0
2212,10,36,40,1,90,17.0,9000.0,0.0,450,550,0,0,1,0,0,0,0,0,1,0,0,0,0,0,1,0
2217,8,60,58,2,60,,0.0,0.0,1400,1996,0,1,0,0,0,0,0,0,1,0,0,0,1,0,0,0
2219,5,60,42,1,75,95.0,0.0,0.0,1000,1067,0,0,0,0,0,0,1,0,1,0,0,0,1,0,0,0
2220,2,48,43,1,60,95.0,4000.0,1300.0,700,975,0,0,1,0,0,0,0,0,1,0,0,0,0,1,0,0
2226,1,12,26,1,35,,0.0,0.0,190,693,0,0,0,0,0,1,0,1,0,0,0,0,0,1,0,0
2227,1,30,20,1,35,90.0,0.0,0.0,450,500,0,0,0,0,0,0,1,1,0,0,0,0,1,0,0,0
2232,2,24,37,2,60,,0.0,0.0,1000,1795,0,0,0,0,0,0,1,0,1,0,0,0,0,0,1,0
2257,0,60,28,1,53,75.0,0.0,0.0,1100,1168,0,1,0,0,0,0,0,0,1,0,0,0,1,0,0,0
2263,0,60,38,2,75,120.0,3500.0,0.0,1500,1702,0,0,1,0,0,0,0,0,1,0,0,0,0,1,0,0
2266,0,60,41,2,95,50.0,7000.0,4000.0,1600,1601,0,1,0,0,0,0,0,0,1,0,0,0,1,0,0,0
2267,20,60,40,1,75,83.0,3000.0,0.0,1300,1435,0,0,0,1,0,0,0,0,1,0,0,0,1,0,0,0
2281,6,24,23,2,35,135.0,0.0,0.0,250,250,0,0,0,0,0,0,1,1,0,0,0,0,1,0,0,0
2283,2,48,28,1,35,140.0,0.0,0.0,1000,1100,0,0,0,0,0,1,0,0,0,0,1,0,0,0,1,0
2291,8,60,40,2,75,96.0,4000.0,1700.0,2050,2050,0,0,1,0,0,0,0,0,1,0,0,0,1,0,0,0
2293,20,60,44,2,75,60.0,3000.0,0.0,1500,1912,0,0,1,0,0,0,0,0,1,0,0,0,0,0,1,0
2294,5,60,39,2,90,152.0,6000.0,0.0,1250,1600,0,0,1,0,0,0,0,0,1,0,0,0,0,0,1,0
2300,2,18,38,1,90,148.0,0.0,0.0,300,400,0,1,0,0,0,0,0,0,1,0,0,0,0,1,0,0
2305,2,60,53,1,60,40.0,5000.0,0.0,850,884,0,0,1,0,0,0,0,0,1,0,0,0,0,0,0,1
2308,2,60,29,2,60,80.0,4000.0,0.0,1000,1248,0,0,1,0,0,0,0,0,1,0,0,0,1,0,0,0
2311,14,36,43,2,96,212.0,0.0,0.0,600,750,0,1,0,0,0,0,0,0,1,0,0,0,1,0,0,0
2315,1,48,41,1,89,136.0,0.0,0.0,1070,1378,0,1,0,0,0,0,0,0,1,0,0,0,0,1,0,0
2322,0,36,22,1,35,,0.0,0.0,800,800,0,0,0,0,0,0,1,1,0,0,0,0,1,0,0,0
2324,2,60,34,2,35,103.0,0.0,0.0,1250,1293,0,0,0,0,0,1,0,1,0,0,0,0,0,1,0,0
2326,10,36,40,1,115,100.0,0.0,0.0,375,375,0,1,0,0,0,0,0,0,1,0,0,0,1,0,0,0
2330,1,24,51,2,180,,65000.0,0.0,1500,1753,0,0,1,0,0,0,0,0,1,0,0,0,0,0,1,0
2337,1,48,28,2,60,129.0,0.0,0.0,1300,1608,0,0,0,0,0,0,1,0,1,0,0,0,1,0,0,0
2349,4,36,22,1,35,58.0,1000.0,0.0,400,525,0,0,0,0,0,1,0,1,0,0,0,0,1,0,0,0
2356,3,60,41,2,35,90.0,0.0,0.0,949,949,0,0,0,0,0,1,0,1,0,0,0,0,1,0,0,0
2357,0,60,23,1,45,120.0,4000.0,1000.0,1200,1476,0,0,1,0,0,0,0,0,1,0,0,0,1,0,0,0
2368,15,48,50,1,60,,5000.0,0.0,1800,2417,0,0,1,0,0,0,0,0,1,0,0,0,1,0,0,0
2378,5,60,26,2,35,142.0,5500.0,3800.0,950,977,0,0,1,0,0,0,0,1,0,0,0,0,0,0,1,0
2381,2,36,23,1,43,79.0,0.0,0.0,900,1000,0,1,0,0,0,0,0,1,0,0,0,0,1,0,0,0
2386,20,48,45,1,35,,0.0,0.0,900,1300,0,1,0,0,0,0,0,1,0,0,0,0,0,0,1,0
2403,0,36,35,1,75,,0.0,0.0,1450,1500,0,0,0,0,0,1,0,0,1,0,0,0,0,0,1,0
2410,5,48,24,1,35,139.0,2000.0,0.0,1000,1492,0,0,0,0,0,1,0,1,0,0,0,0,0,1,0,0
2412,1,24,23,1,35,70.0,0.0,0.0,500,640,0,0,0,0,0,1,0,1,0,0,0,0,0,1,0,0
2418,1,60,36,1,60,60.0,0.0,0.0,1400,1612,0,0,0,0,0,1,0,0,1,0,0,0,0,1,0,0
2421,2,36,32,1,75,80.0,2500.0,0.0,1300,1813,0,0,0,1,0,0,0,0,1,0,0,0,1,0,0,0
2428,27,60,58,1,60,60.0,15000.0,0.0,1450,1657,0,0,1,0,0,0,0,0,1,0,0,0,0,0,1,0
2430,2,48,48,2,109,193.0,0.0,0.0,1140,1143,0,1,0,0,0,0,0,0,1,0,0,0,0,0,0,1
2433,1,48,21,1,35,60.0,0.0,0.0,1350,1601,0,0,0,0,0,1,0,1,0,0,0,0,0,1,0,0
2444,0,48,42,1,75,,0.0,0.0,1300,1400,0,1,0,0,0,0,0,0,1,0,0,0,0,1,0,0
2448,3,48,53,1,75,60.0,,,1500,1637,0,0,1,0,0,0,0,0,1,0,0,0,0,0,0,1
2454,1,30,23,1,35,60.0,0.0,0.0,800,1452,0,0,0,0,0,1,0,1,0,0,0,0,0,0,1,0
2457,5,36,48,1,97,365.0,0.0,0.0,1300,1736,0,1,0,0,0,0,0,0,1,0,0,0,0,0,1,0
2460,4,60,46,1,70,100.0,0.0,0.0,2400,2500,0,1,0,0,0,0,0,0,1,0,0,0,0,0,1,0
2466,0,60,23,1,35,,0.0,0.0,700,969,0,0,0,0,0,0,1,1,0,0,0,0,1,0,0,0
2468,16,60,40,1,82,71.0,0.0,0.0,2000,2250,0,1,0,0,0,0,0,0,1,0,0,0,0,0,1,0
2489,0,60,32,1,35,,0.0,0.0,600,1690,0,0,0,0,0,0,1,1,0,0,0,0,0,1,0,0
2497,2,60,23,2,35,75.0,0.0,0.0,1100,1139,0,0,0,0,0,1,0,1,0,0,0,0,0,1,0,0
2506,2,60,22,1,35,60.0,2800.0,0.0,1300,1422,0,0,0,1,0,0,0,0,1,0,0,0,0,1,0,0
2507,0,36,30,1,60,48.0,7000.0,0.0,300,365,0,0,1,0,0,0,0,0,0,0,1,0,0,0,1,0
2514,2,60,20,1,46,108.0,0.0,0.0,1200,1300,0,1,0,0,0,0,0,1,0,0,0,0,1,0,0,0
2528,2,24,30,1,53,80.0,0.0,0.0,500,975,0,1,0,0,0,0,0,0,1,0,0,0,0,1,0,0
2529,20,48,47,1,45,66.0,,0.0,1200,1668,0,0,1,0,0,0,0,0,1,0,0,0,0,0,1,0
2538,0,6,33,2,45,240.0,4500.0,0.0,675,1146,0,0,1,0,0,0,0,1,0,0,0,0,0,1,0,0
2540,8,60,41,1,45,62.0,0.0,0.0,1800,2101,0,0,0,0,0,0,1,0,1,0,0,0,0,0,1,0
2546,0,24,42,2,103,283.0,0.0,0.0,1897,2517,0,1,0,0,0,0,0,0,1,0,0,0,1,0,0,0
2557,14,48,29,1,75,131.0,4000.0,0.0,980,2981,0,0,1,0,0,0,0,0,1,0,0,0,1,0,0,0
2576,5,60,42,2,113,83.0,0.0,0.0,1530,1530,0,1,0,0,0,0,0,0,1,0,0,0,0,0,1,0
2577,0,60,38,2,45,,0.0,0.0,1500,1700,0,0,0,0,0,0,1,0,1,0,0,0,1,0,0,0
2579,0,24,20,1,35,66.0,0.0,0.0,550,550,0,0,0,0,0,1,0,1,0,0,0,0,0,1,0,0
2590,2,48,41,1,60,142.0,4000.0,0.0,2000,2465,0,0,1,0,0,0,0,0,1,0,0,0,1,0,0,0
2595,4,36,54,1,60,,0.0,0.0,250,350,0,0,0,0,0,0,1,0,1,0,0,0,0,0,1,0
2598,1,60,19,1,45,128.0,9500.0,2800.0,1300,1540,0,0,0,0,0,1,0,1,0,0,0,0,1,0,0,0
2599,7,60,31,1,60,92.0,3500.0,991.0,1050,1158,0,0,1,0,0,0,0,0,1,0,0,0,1,0,0,0
2604,1,48,22,1,35,,10000.0,0.0,650,722,0,0,0,0,0,1,0,1,0,0,0,0,0,0,1,0
2606,5,48,48,2,65,50.0,0.0,0.0,1200,1487,0,1,0,0,0,0,0,0,1,0,0,0,0,0,1,0
2609,1,60,53,1,35,140.0,8000.0,0.0,1600,2222,0,0,1,0,0,0,0,0,1,0,0,0,0,0,1,0
2612,1,36,40,1,79,38.0,0.0,0.0,400,400,0,1,0,0,0,0,0,0,0,0,1,0,0,0,0,1
2614,2,60,42,1,45,35.0,6000.0,0.0,650,865,0,0,1,0,0,0,0,0,0,1,0,0,0,0,0,1
2625,16,36,30,1,45,82.0,4500.0,0.0,800,975,0,0,1,0,0,0,0,0,1,0,0,0,1,0,0,0
2633,8,36,27,1,35,53.0,0.0,0.0,225,350,0,0,0,0,0,1,0,1,0,0,0,0,0,1,0,0
2634,1,36,38,1,90,49.0,7000.0,300.0,1200,1619,0,0,1,0,0,0,0,0,1,0,0,0,0,0,1,0
2642,7,24,31,1,35,67.0,0.0,0.0,200,2000,0,0,0,0,0,1,0,0,1,0,0,0,0,0,1,0
2650,0,48,45,2,45,,0.0,0.0,1000,1135,0,0,0,0,0,0,1,0,1,0,0,0,1,0,0,0
2651,0,60,51,1,60,,0.0,0.0,1300,1321,0,0,0,0,0,0,1,0,1,0,0,0,0,0,1,0
2652,15,24,34,1,35,,,,1300,2099,0,0,1,0,0,0,0,0,1,0,0,0,0,0,1,0
2665,3,24,28,1,35,51.0,0.0,0.0,800,1750,0,0,0,0,0,0,1,1,0,0,0,0,1,0,0,0
2667,5,36,40,2,35,,0.0,0.0,1800,2800,0,1,0,0,0,0,0,0,1,0,0,0,0,0,1,0
2673,0,60,43,2,60,85.0,4000.0,0.0,1500,1813,0,0,1,0,0,0,0,0,1,0,0,0,1,0,0,0
2675,30,60,61,2,35,,60000.0,0.0,950,1015,0,0,1,0,0,0,0,0,1,0,0,0,0,0,1,0
2681,3,36,23,1,53,178.0,0.0,0.0,1600,2000,0,1,0,0,0,0,0,0,1,0,0,0,1,0,0,0
2682,0,6,37,2,35,,0.0,0.0,760,768,0,1,0,0,0,0,0,0,0,0,1,0,0,0,1,0
2689,5,48,46,1,75,91.0,6000.0,0.0,4500,6222,0,0,0,0,1,0,0,0,1,0,0,0,0,0,1,0
2691,0,36,54,1,60,35.0,20000.0,0.0,1000,1613,0,0,1,0,0,0,0,0,1,0,0,0,0,0,0,1
2695,1,48,40,1,45,,4000.0,0.0,750,1720,0,0,0,1,0,0,0,0,1,0,0,0,0,0,1,0
2698,1,48,25,1,35,63.0,3500.0,0.0,890,890,0,0,1,0,0,0,0,0,1,0,0,0,0,1,0,0
2701,5,48,40,2,75,115.0,20000.0,100.0,1200,1800,0,0,1,0,0,0,0,0,1,0,0,0,1,0,0,0
2713,6,60,23,1,35,50.0,0.0,0.0,1200,1830,0,0,0,0,0,1,0,1,0,0,0,0,1,0,0,0
2716,1,48,27,1,35,93.0,6000.0,0.0,550,818,0,0,0,0,0,1,0,1,0,0,0,0,1,0,0,0
2722,10,24,36,1,60,,0.0,0.0,240,240,0,1,0,0,0,0,0,0,1,0,0,0,0,0,1,0
2728,2,36,32,1,51,58.0,0.0,0.0,500,615,0,1,0,0,0,0,0,0,1,0,0,0,1,0,0,0
2730,1,48,23,1,35,147.0,0.0,0.0,1000,1843,0,0,0,0,0,0,1,1,0,0,0,0,0,1,0,0
2731,2,60,38,2,75,77.0,13000.0,5000.0,1805,1805,0,0,1,0,0,0,0,0,1,0,0,0,1,0,0,0
2749,5,48,40,2,35,87.0,5000.0,0.0,600,1258,0,0,1,0,0,0,0,0,1,0,0,0,1,0,0,0
2754,8,60,49,1,105,43.0,3000.0,0.0,1200,1451,0,0,0,0,0,1,0,0,1,0,0,0,0,0,1,0
2762,1,36,24,2,35,120.0,0.0,0.0,250,750,0,0,0,0,0,1,0,1,0,0,0,0,0,1,0,0
2768,5,36,28,1,60,,0.0,0.0,900,1200,0,1,0,0,0,0,0,0,1,0,0,0,0,0,1,0
2770,10,48,37,1,60,150.0,1000.0,0.0,1200,1350,0,0,0,1,0,0,0,0,1,0,0,0,1,0,0,0
2774,2,60,22,1,35,58.0,12000.0,0.0,1450,1600,0,0,0,0,0,0,1,1,0,0,0,0,1,0,0,0
2779,0,60,23,1,35,,0.0,0.0,1000,1084,0,0,0,0,0,0,1,1,0,0,0,0,0,1,0,0
2786,25,60,44,2,35,100.0,3500.0,360.0,1050,1606,0,0,1,0,0,0,0,1,0,0,0,0,1,0,0,0
2791,10,60,37,1,35,92.0,3000.0,0.0,1500,1635,0,0,1,0,0,0,0,1,0,0,0,0,1,0,0,0
2799,2,36,55,1,35,87.0,10000.0,0.0,1150,2000,0,0,1,0,0,0,0,0,1,0,0,0,1,0,0,0
2802,1,24,21,1,35,60.0,0.0,0.0,900,1486,0,0,0,0,0,1,0,1,0,0,0,0,1,0,0,0
2814,0,36,41,2,35,,0.0,0.0,1000,1600,0,0,0,0,0,0,1,0,1,0,0,0,0,0,1,0
2815,3,36,61,1,41,57.0,12000.0,0.0,2500,3559,0,1,0,0,0,0,0,0,1,0,0,0,1,0,0,0
2818,4,60,26,1,35,52.0,0.0,0.0,1050,1372,0,0,0,0,0,1,0,1,0,0,0,0,1,0,0,0
2824,4,60,35,2,45,,15000.0,3000.0,2000,2477,0,0,1,0,0,0,0,0,1,0,0,0,0,0,1,0
2826,2,60,32,2,60,260.0,2500.0,450.0,1800,2400,0,0,1,0,0,0,0,0,1,0,0,0,1,0,0,0
2832,4,60,42,1,105,88.0,3500.0,108.0,1000,1025,0,0,1,0,0,0,0,0,1,0,0,0,0,0,0,1
2839,2,60,32,2,60,101.0,7000.0,2500.0,1600,1850,0,0,1,0,0,0,0,0,1,0,0,0,1,0,0,0
2841,5,72,29,1,45,92.0,1500.0,850.0,1450,1516,0,0,0,1,0,0,0,0,1,0,0,0,1,0,0,0
2842,1,36,40,2,75,150.0,0.0,0.0,800,800,0,0,0,0,0,0,1,0,1,0,0,0,1,0,0,0
2844,1,48,34,1,60,45.0,2500.0,0.0,1000,1476,0,0,1,0,0,0,0,0,1,0,0,0,0,0,0,1
2853,0,36,42,1,75,,7000.0,0.0,2500,3058,0,0,1,0,0,0,0,0,1,0,0,0,1,0,0,0
2854,15,60,31,2,45,96.0,4000.0,0.0,960,1031,0,0,1,0,0,0,0,0,1,0,0,0,1,0,0,0
2862,0,36,34,1,44,85.0,0.0,0.0,325,375,0,1,0,0,0,0,0,1,0,0,0,0,0,1,0,0
2866,1,48,22,1,35,52.0,0.0,0.0,1200,1442,0,0,0,0,0,1,0,1,0,0,0,0,0,1,0,0
2878,5,60,29,1,56,105.0,0.0,0.0,1350,1396,0,1,0,0,0,0,0,0,1,0,0,0,1,0,0,0
2881,3,60,34,1,45,,0.0,0.0,1000,1625,0,1,0,0,0,0,0,0,1,0,0,0,0,0,1,0
2885,4,36,34,1,73,126.0,0.0,0.0,1000,1250,0,1,0,0,0,0,0,0,1,0,0,0,1,0,0,0
2896,0,60,24,1,35,104.0,7000.0,2500.0,1350,1425,0,0,1,0,0,0,0,0,1,0,0,0,0,0,0,1
2913,1,48,36,1,60,150.0,0.0,0.0,1000,1148,0,0,0,0,0,1,0,0,1,0,0,0,0,1,0,0
2921,2,60,41,1,44,90.0,0.0,0.0,1800,2213,0,1,0,0,0,0,0,0,1,0,0,0,0,0,1,0
2930,4,60,43,2,45,109.0,0.0,0.0,1050,1530,0,0,0,1,0,0,0,0,1,0,0,0,1,0,0,0
2934,5,24,28,2,35,,0.0,0.0,400,640,0,0,0,0,0,1,0,1,0,0,0,0,0,0,1,0
2947,0,48,49,1,52,72.0,0.0,0.0,500,950,0,1,0,0,0,0,0,0,1,0,0,0,0,1,0,0
2948,4,60,34,1,43,80.0,0.0,0.0,1500,2218,0,1,0,0,0,0,0,1,0,0,0,0,1,0,0,0
2949,2,36,29,1,35,71.0,3000.0,0.0,950,1300,0,0,1,0,0,0,0,1,0,0,0,0,0,0,1,0
2950,15,48,50,2,60,,,,4000,6146,0,0,1,0,0,0,0,0,1,0,0,0,0,0,1,0
2959,1,60,32,2,35,114.0,4000.0,500.0,1150,1661,0,0,0,0,0,0,1,0,1,0,0,0,0,1,0,0
2972,15,60,50,2,35,25.0,15000.0,2520.0,880,951,0,0,1,0,0,0,0,0,0,1,0,0,0,0,1,0
2982,5,36,35,1,45,,2000.0,0.0,750,975,0,0,1,0,0,0,0,0,0,0,1,0,0,0,1,0
2990,0,36,27,1,45,,3500.0,1500.0,600,780,0,0,1,0,0,0,0,0,1,0,0,0,0,0,1,0
2992,1,36,44,2,54,88.0,0.0,0.0,500,650,0,1,0,0,0,0,0,0,1,0,0,0,1,0,0,0
2993,16,60,44,1,35,150.0,2500.0,400.0,2000,2190,0,0,1,0,0,0,0,0,1,0,0,0,1,0,0,0
2995,10,18,47,2,45,,,,700,1428,1,0,0,0,0,0,0,0,1,0,0,0,0,0,1,0
3014,3,24,47,1,60,116.0,4000.0,1500.0,800,1000,0,0,0,1,0,0,0,0,1,0,0,0,1,0,0,0
3018,15,48,49,2,60,112.0,2000.0,1000.0,900,960,0,0,0,1,0,0,0,0,1,0,0,0,1,0,0,0
3019,2,60,40,2,104,138.0,5000.0,300.0,1700,1879,0,1,0,0,0,0,0,1,0,0,0,0,1,0,0,0
3022,3,36,53,1,105,84.0,2500.0,500.0,700,890,0,0,0,1,0,0,0,0,0,1,0,0,0,0,0,1
3025,0,60,27,1,60,,0.0,0.0,1400,1453,0,0,0,0,0,0,1,0,1,0,0,0,0,0,1,0
3030,6,60,29,1,35,,3500.0,0.0,1000,1183,0,0,0,0,0,1,0,1,0,0,0,0,0,0,1,0
3033,0,60,39,1,35,85.0,1500.0,0.0,1270,1405,0,0,0,1,0,0,0,0,1,0,0,0,0,1,0,0
3035,18,18,38,2,60,93.0,20000.0,0.0,950,1350,0,0,1,0,0,0,0,0,1,0,0,0,0,0,1,0
3037,1,48,63,1,35,,2000.0,0.0,500,1400,0,0,0,1,0,0,0,0,1,0,0,0,0,0,0,1
3044,5,48,28,1,35,173.0,0.0,0.0,1600,1630,0,0,0,0,0,1,0,0,1,0,0,0,1,0,0,0
3053,29,60,55,2,45,100.0,0.0,0.0,1400,1530,0,1,0,0,0,0,0,0,1,0,0,0,1,0,0,0
3056,2,12,32,2,45,60.0,3000.0,0.0,1000,1800,0,0,0,0,1,0,0,0,1,0,0,0,1,0,0,0
3067,0,12,23,1,43,80.0,0.0,0.0,200,1200,0,1,0,0,0,0,0,0,1,0,0,0,0,1,0,0
3072,0,60,22,1,35,49.0,0.0,0.0,1250,1316,0,0,0,0,0,1,0,1,0,0,0,0,0,1,0,0
3076,0,48,42,2,60,119.0,15000.0,0.0,800,800,0,0,1,0,0,0,0,0,0,0,1,0,1,0,0,0
3079,8,60,58,1,35,,0.0,0.0,1700,2136,0,1,0,0,0,0,0,0,1,0,0,0,1,0,0,0
3105,10,60,38,2,60,,8000.0,0.0,2200,2387,0,1,0,0,0,0,0,0,1,0,0,0,0,0,1,0
3110,2,24,41,2,90,19.0,5000.0,0.0,800,1900,0,0,0,1,0,0,0,0,1,0,0,0,0,0,1,0
3116,10,48,35,1,45,63.0,5000.0,350.0,1000,1580,0,0,1,0,0,0,0,0,1,0,0,0,1,0,0,0
3127,0,60,36,1,47,121.0,0.0,0.0,900,1423,0,1,0,0,0,0,0,0,1,0,0,0,0,0,0,1
3129,10,60,30,1,35,123.0,2000.0,0.0,1600,1600,0,0,0,1,0,0,0,0,1,0,0,0,1,0,0,0
3130,10,60,62,1,60,78.0,6000.0,0.0,1130,1130,0,0,1,0,0,0,0,0,1,0,0,0,1,0,0,0
3136,0,36,19,1,35,100.0,0.0,0.0,650,650,0,0,0,0,0,0,1,1,0,0,0,0,1,0,0,0
3138,10,48,63,2,35,,3000.0,0.0,4000,4769,0,0,1,0,0,0,0,0,1,0,0,0,0,0,1,0
3141,2,60,25,2,35,65.0,0.0,0.0,1500,1892,0,0,0,0,0,1,0,1,0,0,0,0,0,1,0,0
3148,7,60,34,1,45,119.0,4000.0,0.0,2000,2221,0,0,1,0,0,0,0,0,1,0,0,0,1,0,0,0
3152,14,60,38,2,60,145.0,5000.0,2400.0,1200,1383,0,0,1,0,0,0,0,0,1,0,0,0,1,0,0,0
3172,14,18,28,1,45,68.0,3000.0,0.0,200,400,0,0,0,1,0,0,0,0,1,0,0,0,1,0,0,0
3180,10,18,45,2,35,47.0,4000.0,350.0,375,475,0,0,0,1,0,0,0,0,1,0,0,0,0,0,1,0
3184,0,42,41,1,60,,4000.0,0.0,2000,2516,0,0,1,0,0,0,0,0,1,0,0,0,0,0,1,0
3186,4,48,43,2,45,,10000.0,0.0,1200,1518,0,1,0,0,0,0,0,0,1,0,0,0,0,0,1,0
3191,0,60,34,1,35,107.0,3000.0,2500.0,1000,1189,0,0,0,1,0,0,0,0,1,0,0,0,0,1,0,0
3193,2,60,33,1,45,77.0,2500.0,0.0,1000,1197,0,0,1,0,0,0,0,0,1,0,0,0,0,1,0,0
3210,3,48,28,1,35,79.0,0.0,0.0,1400,1958,0,0,0,0,0,1,0,1,0,0,0,0,0,0,1,0
3216,0,60,32,1,45,77.0,4000.0,0.0,1750,2200,0,0,1,0,0,0,0,0,1,0,0,0,0,0,0,1
3217,14,36,31,1,60,,,,700,1100,0,0,1,0,0,0,0,0,1,0,0,0,0,0,1,0
3222,0,48,56,1,45,105.0,25000.0,0.0,1900,2150,0,0,0,0,0,0,1,0,1,0,0,0,0,0,0,1
3227,5,60,36,2,66,61.0,0.0,0.0,1100,1243,0,1,0,0,0,0,0,0,1,0,0,0,1,0,0,0
3228,20,24,59,1,35,,,0.0,900,1059,0,0,1,0,0,0,0,1,0,0,0,0,0,0,1,0
3229,1,36,46,1,82,72.0,0.0,0.0,850,1418,0,1,0,0,0,0,0,0,1,0,0,0,0,1,0,0
3233,15,60,32,1,60,105.0,7000.0,3700.0,1200,1204,0,0,1,0,0,0,0,0,1,0,0,0,1,0,0,0
3236,2,24,32,2,35,,0.0,0.0,1700,2800,0,1,0,0,0,0,0,1,0,0,0,0,0,0,1,0
3244,6,48,39,1,75,,6000.0,0.0,1000,1177,0,0,1,0,0,0,0,0,1,0,0,0,0,0,1,0
3249,8,60,34,2,80,200.0,0.0,0.0,1200,1800,0,1,0,0,0,0,0,0,1,0,0,0,1,0,0,0
3250,0,36,23,1,44,88.0,0.0,0.0,450,495,0,1,0,0,0,0,0,0,1,0,0,0,0,1,0,0
3255,1,60,23,1,35,100.0,0.0,0.0,1600,1642,0,0,0,0,0,1,0,1,0,0,0,0,1,0,0,0
3263,8,36,45,2,45,314.0,18000.0,0.0,2800,2960,0,0,1,0,0,0,0,0,1,0,0,0,0,0,1,0
3266,0,60,47,2,60,50.0,15000.0,0.0,1300,1841,0,0,1,0,0,0,0,0,1,0,0,0,0,1,0,0
3269,2,60,35,2,75,130.0,0.0,0.0,1450,1480,0,0,0,0,0,1,0,0,1,0,0,0,0,1,0,0
3271,1,36,23,1,54,88.0,0.0,0.0,600,750,0,1,0,0,0,0,0,0,1,0,0,0,0,1,0,0
3273,0,48,28,1,35,65.0,3000.0,0.0,800,1800,0,0,0,0,0,1,0,1,0,0,0,0,0,0,1,0
3275,3,48,38,2,45,125.0,5000.0,0.0,1285,1311,0,0,1,0,0,0,0,0,1,0,0,0,1,0,0,0
3277,4,60,34,2,100,247.0,0.0,0.0,1700,2278,0,1,0,0,0,0,0,0,1,0,0,0,1,0,0,0
3278,10,48,54,1,60,80.0,0.0,0.0,1100,1423,0,0,0,0,0,1,0,0,1,0,0,0,1,0,0,0
3281,0,24,35,1,35,60.0,0.0,0.0,800,1560,0,0,0,0,0,1,0,1,0,0,0,0,0,1,0,0
3282,0,36,24,2,60,169.0,1500.0,0.0,690,790,0,0,0,1,0,0,0,0,1,0,0,0,0,1,0,0
3283,5,42,32,1,60,96.0,6000.0,800.0,1700,2349,0,0,1,0,0,0,0,0,1,0,0,0,1,0,0,0
3284,1,48,24,1,45,59.0,3000.0,1600.0,500,500,0,0,1,0,0,0,0,0,1,0,0,0,0,1,0,0
3285,3,60,45,1,60,,5000.0,0.0,1370,1403,0,0,1,0,0,0,0,0,1,0,0,0,0,0,1,0
3287,2,36,30,1,35,,15000.0,0.0,2000,2600,0,0,0,0,0,1,0,1,0,0,0,0,0,0,1,0
3302,2,48,25,1,35,48.0,6500.0,0.0,900,912,0,0,0,0,0,1,0,0,1,0,0,0,1,0,0,0
3304,1,48,23,1,35,72.0,0.0,0.0,1078,1079,0,0,0,0,0,1,0,1,0,0,0,0,0,1,0,0
3310,0,48,34,1,35,,4000.0,0.0,2370,2540,0,0,0,0,0,1,0,0,0,0,1,0,0,0,1,0
3322,1,24,56,2,45,151.0,7500.0,0.0,800,1300,0,0,1,0,0,0,0,0,1,0,0,0,1,0,0,0
3326,2,36,54,2,35,352.0,30000.0,0.0,750,1061,0,0,1,0,0,0,0,1,0,0,0,0,1,0,0,0
3328,1,48,40,2,35,80.0,3500.0,0.0,1100,1144,0,0,0,0,0,1,0,1,0,0,0,0,1,0,0,0
3337,10,60,26,1,35,73.0,4000.0,2000.0,1700,1900,0,0,1,0,0,0,0,0,1,0,0,0,1,0,0,0
3343,1,36,24,2,35,50.0,0.0,0.0,1750,1850,0,0,0,0,0,1,0,1,0,0,0,0,0,1,0,0
3348,0,48,30,2,35,274.0,0.0,0.0,2000,2354,0,0,0,0,0,1,0,1,0,0,0,0,1,0,0,0
3350,10,24,39,2,55,195.0,0.0,0.0,400,435,0,1,0,0,0,0,0,1,0,0,0,0,0,0,0,1
3351,1,36,23,1,35,70.0,2000.0,0.0,1050,1410,0,0,0,0,0,1,0,1,0,0,0,0,0,1,0,0
3352,1,60,53,2,35,,30000.0,0.0,1900,2362,0,0,1,0,0,0,0,0,1,0,0,0,0,0,1,0
3359,2,60,22,2,60,125.0,0.0,0.0,1100,1281,0,0,0,0,0,0,1,0,1,0,0,0,1,0,0,0
3363,7,60,32,1,46,111.0,0.0,0.0,1200,1373,0,1,0,0,0,0,0,0,1,0,0,0,1,0,0,0
3365,2,48,31,1,45,,0.0,0.0,1300,1300,0,1,0,0,0,0,0,0,1,0,0,0,0,0,1,0
3371,1,36,44,2,54,90.0,0.0,0.0,1500,2100,0,1,0,0,0,0,0,0,1,0,0,0,1,0,0,0
3373,2,60,32,1,60,75.0,5500.0,1500.0,1400,1732,0,0,1,0,0,0,0,0,1,0,0,0,0,1,0,0
3380,0,60,27,1,35,74.0,5000.0,2500.0,1550,1555,0,0,1,0,0,0,0,0,1,0,0,0,0,1,0,0
3385,3,60,29,1,35,128.0,0.0,0.0,1100,1350,0,0,0,0,0,0,1,0,1,0,0,0,0,0,1,0
3391,1,60,33,1,35,96.0,0.0,0.0,700,1640,0,0,0,0,0,0,1,1,0,0,0,0,0,1,0,0
3398,5,48,22,1,51,156.0,0.0,0.0,1500,1564,0,1,0,0,0,0,0,0,1,0,0,0,1,0,0,0
3403,4,60,38,1,79,188.0,3000.0,1500.0,1350,1624,0,1,0,0,0,0,0,0,1,0,0,0,1,0,0,0
3410,1,60,27,2,45,62.0,7000.0,4500.0,1650,2060,0,0,1,0,0,0,0,0,1,0,0,0,1,0,0,0
3415,2,60,38,1,60,150.0,4000.0,0.0,1000,1270,0,0,0,1,0,0,0,0,1,0,0,0,0,1,0,0
3416,6,36,32,2,60,149.0,8000.0,3000.0,950,950,0,0,1,0,0,0,0,0,1,0,0,0,0,0,1,0
3424,2,36,28,1,42,67.0,0.0,0.0,150,898,0,1,0,0,0,0,0,0,1,0,0,0,0,1,0,0
3436,18,48,53,2,51,164.0,0.0,0.0,1000,1295,0,1,0,0,0,0,0,0,0,0,1,0,0,0,1,0
3445,7,60,38,2,60,40.0,6000.0,0.0,1500,1610,0,0,1,0,0,0,0,0,1,0,0,0,0,0,1,0
3446,2,36,19,1,35,45.0,0.0,0.0,600,790,0,0,0,0,0,1,0,1,0,0,0,0,0,1,0,0
3447,2,60,54,2,35,180.0,8000.0,0.0,1000,1130,0,0,1,0,0,0,0,0,0,1,0,0,1,0,0,0
3448,2,18,25,1,44,85.0,0.0,0.0,320,425,0,1,0,0,0,0,0,1,0,0,0,0,0,1,0,0
3451,25,36,55,1,35,,3000.0,0.0,500,600,0,1,0,0,0,0,0,0,1,0,0,0,0,0,1,0
3453,5,36,43,1,75,192.0,15000.0,0.0,1500,2448,0,0,1,0,0,0,0,0,1,0,0,0,0,0,0,1
3454,5,60,53,1,35,,0.0,0.0,2000,2365,0,0,0,0,0,0,1,0,1,0,0,0,0,0,1,0
3455,1,60,28,1,60,174.0,6000.0,720.0,1650,1930,0,0,0,1,0,0,0,0,1,0,0,0,0,1,0,0
3456,3,36,33,2,45,,0.0,0.0,375,870,0,1,0,0,0,0,0,0,0,0,1,0,0,0,1,0
3458,3,60,22,2,35,178.0,9000.0,3000.0,1500,1528,0,0,1,0,0,0,0,1,0,0,0,0,0,0,1,0
3459,4,36,23,1,46,108.0,0.0,0.0,315,315,0,1,0,0,0,0,0,0,1,0,0,0,1,0,0,0
3467,2,60,37,2,60,120.0,3000.0,1380.0,1000,1582,0,0,0,1,0,0,0,0,1,0,0,0,1,0,0,0
3492,2,60,32,1,45,150.0,0.0,0.0,1450,1850,0,0,0,0,0,0,1,0,1,0,0,0,0,1,0,0
3497,2,48,27,1,35,125.0,0.0,0.0,870,1480,0,0,0,0,0,1,0,0,0,0,1,0,0,1,0,0
3513,2,60,32,2,60,,0.0,0.0,1100,1480,0,1,0,0,0,0,0,0,1,0,0,0,0,0,1,0
3515,10,60,47,1,35,229.0,7000.0,0.0,2550,3500,0,0,1,0,0,0,0,0,0,0,1,0,1,0,0,0
3522,0,60,24,1,35,53.0,0.0,0.0,1200,1497,0,0,0,0,0,1,0,1,0,0,0,0,1,0,0,0
3528,29,60,52,1,45,175.0,2500.0,0.0,1186,1286,0,0,1,0,0,0,0,0,1,0,0,0,0,1,0,0
3533,5,48,23,1,35,92.0,0.0,0.0,1200,1200,0,0,0,0,0,1,0,1,0,0,0,0,0,1,0,0
3534,1,36,41,2,35,,15000.0,0.0,1500,2500,0,0,1,0,0,0,0,1,0,0,0,0,0,0,1,0
3548,6,48,37,1,55,200.0,0.0,0.0,1450,1650,0,1,0,0,0,0,0,1,0,0,0,0,1,0,0,0
3554,0,6,22,2,35,115.0,1000.0,0.0,250,800,0,0,0,1,0,0,0,1,0,0,0,0,0,1,0,0
3563,4,60,53,1,37,22.0,20000.0,0.0,1300,1498,0,1,0,0,0,0,0,0,0,1,0,0,0,0,0,1
3565,1,36,28,2,47,122.0,0.0,0.0,950,1100,0,1,0,0,0,0,0,0,1,0,0,0,1,0,0,0
3568,3,60,27,2,35,117.0,0.0,0.0,1500,2190,0,0,0,0,0,1,0,1,0,0,0,0,1,0,0,0
3578,11,60,48,1,75,225.0,0.0,0.0,1300,1550,0,0,0,0,0,0,1,0,1,0,0,0,1,0,0,0
3580,1,36,37,1,75,145.0,0.0,0.0,1100,1871,0,1,0,0,0,0,0,0,1,0,0,0,0,1,0,0
3581,1,48,36,1,60,45.0,0.0,0.0,1200,1401,0,0,0,0,0,1,0,0,1,0,0,0,0,1,0,0
3588,4,60,37,2,79,436.0,0.0,0.0,1500,1550,0,1,0,0,0,0,0,1,0,0,0,0,1,0,0,0
3629,2,60,22,2,35,110.0,0.0,0.0,1360,1435,0,0,0,0,0,1,0,1,0,0,0,0,1,0,0,0
3636,7,60,36,2,60,300.0,7000.0,0.0,2000,2485,0,0,0,1,0,0,0,0,1,0,0,0,1,0,0,0
3637,14,60,41,1,54,92.0,0.0,0.0,1450,1482,0,1,0,0,0,0,0,0,1,0,0,0,1,0,0,0
3640,11,60,38,1,82,71.0,0.0,0.0,900,977,0,1,0,0,0,0,0,0,1,0,0,0,1,0,0,0
3649,11,48,36,2,35,81.0,5000.0,2000.0,570,1177,0,0,1,0,0,0,0,0,1,0,0,0,1,0,0,0
3652,0,60,32,1,35,73.0,,0.0,1580,1785,0,0,0,0,0,0,1,1,0,0,0,0,1,0,0,0
3656,0,60,42,2,35,130.0,7000.0,3000.0,950,950,0,0,1,0,0,0,0,0,1,0,0,0,0,1,0,0
3661,5,60,39,2,75,72.0,,0.0,1000,1042,0,0,1,0,0,0,0,1,0,0,0,0,0,0,1,0
3666,26,60,41,2,35,201.0,4700.0,3100.0,2400,2700,0,0,0,1,0,0,0,0,0,0,1,0,1,0,0,0
3674,5,24,25,1,60,,0.0,0.0,500,750,0,0,0,0,0,0,1,0,1,0,0,0,1,0,0,0
3682,0,60,33,1,54,85.0,0.0,0.0,1300,1797,0,1,0,0,0,0,0,0,1,0,0,0,0,1,0,0
3685,3,60,22,1,60,150.0,0.0,0.0,950,1945,0,1,0,0,0,0,0,0,1,0,0,0,1,0,0,0
3693,5,60,31,2,69,88.0,0.0,0.0,1200,1200,0,1,0,0,0,0,0,0,1,0,0,0,1,0,0,0
3694,15,60,46,2,35,244.0,8000.0,0.0,2250,2758,0,0,0,0,0,0,1,0,1,0,0,0,0,0,1,0
3697,18,24,35,1,96,63.0,0.0,0.0,600,888,0,1,0,0,0,0,0,0,1,0,0,0,0,1,0,0
3701,0,60,36,1,35,130.0,0.0,0.0,1600,1678,0,0,0,0,0,1,0,1,0,0,0,0,1,0,0,0
3712,1,48,18,1,45,95.0,4000.0,0.0,600,1472,0,0,0,0,0,1,0,1,0,0,0,0,0,1,0,0
3720,2,36,26,1,35,66.0,0.0,0.0,750,865,0,0,0,0,0,1,0,1,0,0,0,0,0,0,1,0
3723,5,48,39,2,60,66.0,10000.0,0.0,875,875,0,0,1,0,0,0,0,0,1,0,0,0,0,0,1,0
3730,14,36,33,1,35,,4000.0,1500.0,700,1700,0,0,1,0,0,0,0,1,0,0,0,0,0,0,1,0
3734,25,60,56,2,90,85.0,3500.0,0.0,800,975,0,0,0,1,0,0,0,0,1,0,0,0,0,0,1,0
3743,1,60,28,1,53,179.0,0.0,0.0,1825,2275,0,1,0,0,0,0,0,0,1,0,0,0,0,0,1,0
3744,2,24,20,1,35,107.0,54000.0,0.0,2000,2600,0,0,0,1,0,0,0,1,0,0,0,0,0,0,1,0
3747,3,60,26,1,53,80.0,0.0,0.0,950,989,0,1,0,0,0,0,0,0,1,0,0,0,1,0,0,0
3751,3,48,38,1,60,67.0,0.0,0.0,1000,1045,0,0,0,0,0,1,0,0,1,0,0,0,0,1,0,0
3752,1,36,36,1,45,25.0,3000.0,2000.0,1100,1332,0,0,1,0,0,0,0,0,1,0,0,0,1,0,0,0
3755,0,48,25,1,60,150.0,0.0,0.0,1350,1450,0,1,0,0,0,0,0,0,1,0,0,0,1,0,0,0
3763,1,60,28,2,45,,4000.0,0.0,1500,1661,0,0,0,0,1,0,0,0,1,0,0,0,0,0,1,0
3765,1,36,26,1,42,70.0,0.0,0.0,590,590,0,1,0,0,0,0,0,1,0,0,0,0,0,1,0,0
3766,0,48,23,1,42,72.0,0.0,0.0,700,875,0,1,0,0,0,0,0,1,0,0,0,0,0,1,0,0
3773,3,36,38,2,35,,12500.0,0.0,3000,4800,0,0,0,1,0,0,0,0,0,0,0,1,1,0,0,0
3775,2,48,56,1,51,157.0,11000.0,4500.0,1000,2008,0,1,0,0,0,0,0,1,0,0,0,0,0,0,1,0
3777,7,60,33,1,35,70.0,0.0,0.0,1300,1438,0,0,0,0,0,1,0,1,0,0,0,0,0,1,0,0
3781,7,60,28,2,60,148.0,8000.0,0.0,920,1021,0,0,1,0,0,0,0,0,1,0,0,0,1,0,0,0
3786,2,60,24,1,35,120.0,3000.0,0.0,1400,1513,0,0,1,0,0,0,0,1,0,0,0,0,0,1,0,0
3811,1,60,24,2,42,70.0,0.0,0.0,1700,1761,0,1,0,0,0,0,0,0,1,0,0,0,0,1,0,0
3815,6,48,26,2,35,90.0,5000.0,0.0,1390,1594,0,0,1,0,0,0,0,0,1,0,0,0,1,0,0,0
3818,0,60,27,1,75,210.0,7000.0,4800.0,1250,1315,0,0,1,0,0,0,0,0,1,0,0,0,0,1,0,0
3825,0,60,19,1,35,,0.0,0.0,900,1158,0,1,0,0,0,0,0,1,0,0,0,0,0,0,0,1
3827,9,60,30,2,60,109.0,0.0,0.0,1250,1560,0,0,0,0,0,0,1,0,1,0,0,0,1,0,0,0
3834,3,36,39,1,90,150.0,0.0,0.0,300,700,0,1,0,0,0,0,0,0,1,0,0,0,1,0,0,0
3836,0,36,31,1,35,202.0,6000.0,0.0,1300,1663,0,0,0,1,0,0,0,0,1,0,0,0,0,1,0,0
3838,2,48,37,2,75,115.0,2000.0,0.0,850,1194,0,0,0,1,0,0,0,0,1,0,0,0,0,1,0,0
3843,14,60,38,1,71,108.0,0.0,0.0,1400,1693,0,1,0,0,0,0,0,0,1,0,0,0,1,0,0,0
3845,6,60,30,1,60,133.0,0.0,0.0,1300,1388,0,0,0,0,0,0,1,0,1,0,0,0,1,0,0,0
3857,0,36,19,1,35,,0.0,0.0,400,495,0,0,0,0,0,1,0,1,0,0,0,0,0,0,1,0
3858,1,60,21,1,45,,0.0,0.0,1100,1480,0,0,0,0,0,0,1,1,0,0,0,0,0,1,0,0
3861,0,48,20,2,56,105.0,0.0,0.0,1100,1289,0,1,0,0,0,0,0,1,0,0,0,0,0,1,0,0
3870,0,36,31,2,45,120.0,3000.0,150.0,700,850,0,0,1,0,0,0,0,0,1,0,0,0,0,1,0,0
3875,17,36,60,1,60,78.0,2500.0,0.0,650,800,0,0,1,0,0,0,0,0,1,0,0,0,1,0,0,0
3885,12,60,37,1,60,98.0,9000.0,200.0,800,1012,0,0,1,0,0,0,0,0,1,0,0,0,1,0,0,0
3909,0,36,22,1,35,103.0,4500.0,0.0,1050,1485,0,0,0,0,0,1,0,1,0,0,0,0,0,1,0,0
3911,0,60,43,1,45,117.0,2000.0,250.0,1600,1967,0,0,0,1,0,0,0,0,1,0,0,0,0,1,0,0
3912,0,60,25,2,47,120.0,0.0,0.0,1200,1460,0,1,0,0,0,0,0,1,0,0,0,0,0,1,0,0
3913,0,36,18,2,38,33.0,0.0,0.0,300,350,0,1,0,0,0,0,0,1,0,0,0,0,0,0,0,1
3914,0,36,35,1,35,,0.0,0.0,875,950,0,0,0,0,0,1,0,1,0,0,0,0,0,0,1,0
3919,0,36,22,1,42,65.0,0.0,0.0,430,550,0,1,0,0,0,0,0,1,0,0,0,0,0,1,0,0
3923,1,60,22,1,35,78.0,3500.0,0.0,2275,2300,0,0,0,0,0,1,0,1,0,0,0,0,0,0,1,0
3926,1,60,40,2,60,155.0,2500.0,0.0,1650,1650,0,0,1,0,0,0,0,0,1,0,0,0,1,0,0,0
3927,3,36,45,2,60,87.0,3500.0,0.0,650,650,0,0,1,0,0,0,0,0,1,0,0,0,1,0,0,0
3932,3,36,40,2,60,,4500.0,0.0,575,775,0,0,1,0,0,0,0,0,1,0,0,0,0,0,1,0
3938,0,60,60,1,55,100.0,8000.0,0.0,2500,2500,0,1,0,0,0,0,0,0,1,0,0,0,0,0,0,1
3941,3,60,30,2,45,120.0,4000.0,0.0,1500,1621,0,0,0,0,0,1,0,0,1,0,0,0,1,0,0,0
3942,0,18,19,1,35,91.0,0.0,0.0,650,650,0,0,0,0,0,1,0,1,0,0,0,0,1,0,0,0
3945,0,60,39,2,45,,10000.0,0.0,1500,1699,0,0,1,0,0,0,0,0,1,0,0,0,0,0,1,0
3947,8,36,39,1,35,,0.0,0.0,450,550,0,0,0,0,0,0,1,0,1,0,0,0,1,0,0,0
3952,2,60,35,1,35,51.0,4000.0,0.0,1400,1628,0,0,1,0,0,0,0,1,0,0,0,0,1,0,0,0
3954,3,60,34,2,35,80.0,0.0,0.0,1100,1265,0,0,0,0,0,1,0,1,0,0,0,0,0,1,0,0
3966,0,60,38,2,75,,0.0,0.0,1000,1235,0,1,0,0,0,0,0,0,1,0,0,0,0,1,0,0
3970,5,48,49,1,35,48.0,4000.0,0.0,1100,1438,0,0,1,0,0,0,0,0,0,1,0,0,0,0,0,1
3980,1,24,24,1,49,139.0,0.0,0.0,500,550,0,1,0,0,0,0,0,1,0,0,0,0,0,1,0,0
3983,2,18,46,2,74,140.0,0.0,0.0,200,380,0,1,0,0,0,0,0,0,1,0,0,0,1,0,0,0
3986,2,60,20,1,35,56.0,3500.0,0.0,1300,1637,0,0,0,0,0,1,0,1,0,0,0,0,1,0,0,0
3991,6,60,38,2,55,103.0,0.0,0.0,1100,1303,0,1,0,0,0,0,0,0,1,0,0,0,1,0,0,0
3992,0,36,42,1,60,,5000.0,0.0,1350,1850,0,0,1,0,0,0,0,0,1,0,0,0,0,0,1,0
4001,5,48,31,2,60,150.0,0.0,0.0,800,1707,0,1,0,0,0,0,0,0,1,0,0,0,1,0,0,0
4008,5,60,37,1,77,318.0,5000.0,0.0,1750,2953,0,1,0,0,0,0,0,0,1,0,0,0,1,0,0,0
4010,1,60,36,2,84,90.0,0.0,0.0,1100,1184,0,1,0,0,0,0,0,0,1,0,0,0,0,1,0,0
4013,1,60,31,2,39,42.0,0.0,0.0,1200,1265,0,1,0,0,0,0,0,0,0,0,0,1,0,1,0,0
4019,3,48,39,2,97,223.0,0.0,0.0,1250,1609,0,1,0,0,0,0,0,0,1,0,0,0,1,0,0,0
4022,11,60,30,2,45,105.0,5000.0,0.0,1500,2500,0,0,0,0,0,1,0,0,1,0,0,0,1,0,0,0
4023,24,60,41,2,75,,0.0,0.0,2200,2428,0,0,0,0,0,0,1,0,1,0,0,0,0,0,1,0
4031,7,36,38,2,45,85.0,3400.0,1500.0,450,550,0,0,1,0,0,0,0,0,1,0,0,0,1,0,0,0
4037,0,60,24,1,41,56.0,0.0,0.0,1308,1558,0,1,0,0,0,0,0,0,1,0,0,0,0,1,0,0
4041,1,60,34,1,56,112.0,4000.0,1500.0,1400,1508,0,1,0,0,0,0,0,0,1,0,0,0,1,0,0,0
4043,0,60,64,1,35,100.0,8000.0,0.0,1980,2038,0,0,1,0,0,0,0,0,0,1,0,0,0,0,0,1
4048,0,48,35,1,106,160.0,0.0,0.0,930,930,0,1,0,0,0,0,0,0,1,0,0,0,0,1,0,0
4049,0,48,24,1,35,,0.0,0.0,600,1452,0,1,0,0,0,0,0,0,1,0,0,0,0,1,0,0
4050,1,60,43,2,90,179.0,0.0,0.0,1600,1896,0,0,0,0,0,1,0,0,1,0,0,0,1,0,0,0
4059,0,60,40,2,90,90.0,8000.0,0.0,1000,1189,0,0,1,0,0,0,0,0,1,0,0,0,0,1,0,0
4061,5,54,27,1,47,118.0,0.0,0.0,1500,1600,0,1,0,0,0,0,0,0,1,0,0,0,1,0,0,0
4062,2,60,44,1,60,88.0,2000.0,0.0,1450,1452,0,0,1,0,0,0,0,0,1,0,0,0,1,0,0,0
4064,5,48,49,2,45,,0.0,0.0,1000,2193,0,1,0,0,0,0,0,0,0,1,0,0,0,0,1,0
4066,1,60,24,1,35,127.0,3500.0,2000.0,1700,1825,0,0,0,1,0,0,0,0,1,0,0,0,0,1,0,0
4067,0,60,25,2,69,235.0,0.0,0.0,1400,1650,0,1,0,0,0,0,0,0,1,0,0,0,1,0,0,0
4074,8,60,64,1,60,111.0,,,1895,2596,0,0,1,0,0,0,0,0,1,0,0,0,0,0,1,0
4075,2,60,29,2,35,71.0,6000.0,0.0,700,2700,0,0,1,0,0,0,0,0,1,0,0,0,0,1,0,0
4076,0,60,26,1,35,,0.0,0.0,950,1735,0,0,0,0,0,1,0,0,0,0,1,0,0,0,0,1
4091,13,36,44,2,84,85.0,0.0,0.0,1150,1325,0,1,0,0,0,0,0,0,1,0,0,0,0,0,1,0
4093,0,60,18,1,35,45.0,0.0,0.0,900,1001,0,0,0,0,0,1,0,1,0,0,0,0,0,1,0,0
4095,2,60,25,1,35,95.0,4500.0,3000.0,1080,1296,0,0,1,0,0,0,0,1,0,0,0,0,0,1,0,0
4106,2,48,50,1,35,80.0,4000.0,0.0,800,1330,0,0,1,0,0,0,0,0,1,0,0,0,0,1,0,0
4114,25,36,50,2,64,36.0,0.0,0.0,625,650,0,1,0,0,0,0,0,0,1,0,0,0,0,0,1,0
4116,7,60,35,2,45,120.0,0.0,0.0,1400,1715,0,0,0,0,0,0,1,0,1,0,0,0,1,0,0,0
4131,2,60,26,2,35,110.0,7000.0,0.0,535,1710,0,0,1,0,0,0,0,1,0,0,0,0,1,0,0,0
4137,5,24,26,2,35,104.0,0.0,0.0,1000,1314,0,0,0,0,0,1,0,1,0,0,0,0,1,0,0,0
4141,1,60,55,2,45,136.0,30000.0,0.0,1400,1424,0,0,1,0,0,0,0,0,1,0,0,0,0,0,0,1
4146,0,48,52,2,49,135.0,0.0,0.0,1000,1200,0,1,0,0,0,0,0,1,0,0,0,0,1,0,0,0
4153,3,48,28,1,60,136.0,3500.0,2500.0,1000,1200,0,0,0,1,0,0,0,0,1,0,0,0,1,0,0,0
4155,10,60,49,1,35,160.0,3000.0,0.0,1650,1659,0,0,1,0,0,0,0,0,0,1,0,0,1,0,0,0
4165,14,36,37,2,75,120.0,13000.0,3500.0,1250,1350,0,0,1,0,0,0,0,0,1,0,0,0,1,0,0,0
4168,5,36,59,1,35,,,0.0,700,1100,0,0,1,0,0,0,0,0,1,0,0,0,0,0,1,0
4171,33,60,53,1,46,106.0,0.0,0.0,850,1371,0,1,0,0,0,0,0,0,1,0,0,0,1,0,0,0
4181,6,60,47,2,45,,3000.0,0.0,1000,1000,0,1,0,0,0,0,0,0,1,0,0,0,0,0,1,0
4184,0,36,55,2,94,193.0,0.0,0.0,600,1100,0,1,0,0,0,0,0,0,1,0,0,0,1,0,0,0
4185,2,60,22,1,35,60.0,0.0,0.0,1175,1175,0,0,0,0,0,1,0,1,0,0,0,0,1,0,0,0
4186,1,48,29,1,43,80.0,0.0,0.0,1250,1500,0,1,0,0,0,0,0,0,0,1,0,0,0,0,0,1
4192,0,60,58,1,35,19.0,,0.0,700,1332,0,0,1,0,0,0,0,1,0,0,0,0,0,0,0,1
4193,0,48,32,1,35,182.0,0.0,0.0,800,907,0,0,0,0,0,0,1,1,0,0,0,0,0,1,0,0
4195,4,60,23,2,45,97.0,0.0,0.0,1250,1635,0,1,0,0,0,0,0,1,0,0,0,0,1,0,0,0
4199,1,36,47,2,105,,0.0,0.0,500,500,0,1,0,0,0,0,0,0,1,0,0,0,0,0,1,0
4201,2,60,45,2,60,90.0,0.0,0.0,1000,1457,0,0,0,0,0,0,1,0,1,0,0,0,0,1,0,0
4220,0,48,54,1,35,67.0,5000.0,0.0,760,860,0,0,1,0,0,0,0,0,0,1,0,0,0,1,0,0
4222,1,48,30,1,35,,0.0,0.0,1300,1500,0,1,0,0,0,0,0,1,0,0,0,0,0,0,1,0
4223,15,24,47,2,45,,5000.0,0.0,250,500,0,0,1,0,0,0,0,0,1,0,0,0,0,0,1,0
4228,2,60,35,1,45,85.0,0.0,0.0,1000,1542,0,0,0,0,0,1,0,0,1,0,0,0,0,1,0,0
4229,1,60,22,2,45,183.0,0.0,0.0,1600,1739,0,0,0,0,0,1,0,0,1,0,0,0,0,1,0,0
4230,7,60,25,1,35,75.0,3000.0,0.0,1350,1674,0,0,1,0,0,0,0,0,1,0,0,0,1,0,0,0
4234,1,36,37,2,97,71.0,0.0,0.0,1300,1700,0,1,0,0,0,0,0,0,1,0,0,0,1,0,0,0
4240,7,48,30,1,60,112.0,1500.0,0.0,900,1165,0,0,0,1,0,0,0,0,1,0,0,0,0,1,0,0
4248,0,60,33,1,77,166.0,0.0,0.0,850,984,0,1,0,0,0,0,0,0,1,0,0,0,0,1,0,0
4251,0,60,38,1,45,87.0,10000.0,4500.0,900,1000,0,0,1,0,0,0,0,0,1,0,0,0,1,0,0,0
4253,10,36,37,2,60,150.0,30000.0,3000.0,1000,1400,0,0,1,0,0,0,0,0,0,0,1,0,1,0,0,0
4255,0,60,32,2,35,75.0,4500.0,1000.0,900,1084,0,0,1,0,0,0,0,0,1,0,0,0,1,0,0,0
4256,0,60,37,1,90,,8000.0,4000.0,1550,1557,0,0,1,0,0,0,0,0,1,0,0,0,0,0,1,0
4257,2,60,32,1,60,182.0,3000.0,350.0,1300,1662,0,0,1,0,0,0,0,0,1,0,0,0,1,0,0,0
4260,0,36,24,1,35,100.0,0.0,0.0,1000,2000,0,0,0,0,0,1,0,1,0,0,0,0,0,1,0,0
4263,3,60,28,1,45,210.0,5000.0,2700.0,1100,1516,0,0,1,0,0,0,0,0,1,0,0,0,1,0,0,0
4266,8,60,30,1,85,103.0,0.0,0.0,1090,1090,0,1,0,0,0,0,0,0,1,0,0,0,1,0,0,0
4267,2,48,20,1,105,130.0,2500.0,0.0,1750,1998,0,0,0,0,0,1,0,1,0,0,0,0,1,0,0,0
4268,15,60,53,1,35,95.0,16500.0,0.0,1600,1955,0,0,1,0,0,0,0,0,0,0,1,0,1,0,0,0
4271,0,48,26,2,35,101.0,0.0,0.0,1500,1703,0,0,0,0,0,1,0,1,0,0,0,0,0,0,1,0
4277,1,60,41,2,45,93.0,3000.0,0.0,1900,2230,0,0,0,1,0,0,0,0,1,0,0,0,0,1,0,0
4280,1,24,34,2,60,250.0,3000.0,0.0,1100,1281,0,0,1,0,0,0,0,0,1,0,0,0,0,0,1,0
4281,3,60,30,1,45,,0.0,0.0,1150,1395,0,1,0,0,0,0,0,0,1,0,0,0,0,0,1,0
4284,0,48,21,1,35,70.0,0.0,0.0,1200,1600,0,0,0,0,0,1,0,1,0,0,0,0,0,1,0,0
4288,10,36,35,1,40,50.0,,,500,1050,0,1,0,0,0,0,0,1,0,0,0,0,0,0,1,0
4291,6,36,35,1,35,23.0,3000.0,0.0,250,350,0,0,0,0,0,0,1,0,1,0,0,0,0,0,1,0
4295,3,60,29,1,35,,0.0,0.0,1500,2500,0,0,0,0,0,1,0,1,0,0,0,0,0,0,1,0
4306,1,36,24,1,41,56.0,0.0,0.0,500,585,0,1,0,0,0,0,0,0,1,0,0,0,0,1,0,0
4308,3,60,20,1,35,94.0,0.0,0.0,1300,1365,0,0,0,0,0,1,0,1,0,0,0,0,1,0,0,0
4311,12,60,34,1,60,113.0,1500.0,0.0,1050,1087,0,0,0,0,0,0,1,0,1,0,0,0,1,0,0,0
4314,2,48,29,1,35,105.0,0.0,0.0,1600,2074,0,0,0,0,0,0,1,1,0,0,0,0,1,0,0,0
4315,2,60,26,2,35,55.0,0.0,0.0,1500,1543,0,0,0,0,0,0,1,1,0,0,0,0,0,1,0,0
4320,25,48,50,2,35,89.0,0.0,0.0,800,2300,0,0,0,0,0,0,1,0,0,0,1,0,1,0,0,0
4321,5,60,37,1,60,95.0,2000.0,0.0,1065,1165,0,0,0,1,0,0,0,0,1,0,0,0,0,1,0,0
4325,1,60,28,2,47,120.0,0.0,0.0,1400,1690,0,1,0,0,0,0,0,1,0,0,0,0,1,0,0,0
4333,0,36,41,1,35,,0.0,0.0,800,1250,0,1,0,0,0,0,0,0,1,0,0,0,0,0,1,0
4334,0,36,28,1,35,67.0,3500.0,0.0,1500,1539,0,0,0,0,0,1,0,1,0,0,0,0,0,1,0,0
4343,4,60,40,2,60,231.0,7000.0,3000.0,1100,1291,0,0,1,0,0,0,0,0,1,0,0,0,1,0,0,0
4358,1,36,46,2,35,150.0,0.0,0.0,3000,4250,0,0,0,0,0,0,1,0,1,0,0,0,1,0,0,0
4364,3,48,21,1,35,466.0,6000.0,0.0,2700,3100,0,0,1,0,0,0,0,1,0,0,0,0,1,0,0,0
4366,3,48,24,2,45,58.0,0.0,0.0,1000,1650,0,0,0,0,0,1,0,0,1,0,0,0,1,0,0,0
4381,0,36,21,1,35,48.0,0.0,0.0,400,650,0,0,0,0,0,0,1,1,0,0,0,0,0,1,0,0
4387,0,36,31,1,35,71.0,0.0,0.0,1000,1454,0,0,0,0,0,1,0,1,0,0,0,0,0,1,0,0
4402,12,36,36,2,74,140.0,0.0,0.0,1400,1725,0,1,0,0,0,0,0,0,1,0,0,0,1,0,0,0
4404,3,60,24,1,54,90.0,0.0,0.0,1442,1597,0,1,0,0,0,0,0,0,1,0,0,0,1,0,0,0
4407,2,60,41,2,57,124.0,0.0,0.0,1200,1496,0,1,0,0,0,0,0,0,1,0,0,0,1,0,0,0
4408,1,36,22,1,46,110.0,0.0,0.0,900,950,0,1,0,0,0,0,0,1,0,0,0,0,1,0,0,0
4414,5,60,30,2,45,107.0,8000.0,0.0,2500,3106,0,0,1,0,0,0,0,0,1,0,0,0,0,0,1,0
4423,1,60,37,2,66,60.0,0.0,0.0,1500,2800,0,1,0,0,0,0,0,0,0,0,1,0,0,1,0,0
4430,4,36,38,1,75,170.0,5000.0,1500.0,650,700,0,0,0,1,0,0,0,0,1,0,0,0,0,1,0,0
4434,8,36,51,1,35,92.0,2500.0,0.0,875,1150,0,0,1,0,0,0,0,0,0,1,0,0,1,0,0,0
4436,3,48,26,2,45,,0.0,0.0,1400,1704,0,1,0,0,0,0,0,0,1,0,0,0,0,0,1,0
4437,1,48,18,1,35,130.0,2500.0,600.0,1280,1285,0,0,0,0,0,1,0,1,0,0,0,0,0,1,0,0
4439,8,60,37,1,75,50.0,15000.0,0.0,1400,1645,0,0,1,0,0,0,0,0,1,0,0,0,1,0,0,0
4449,1,48,30,2,75,77.0,0.0,0.0,1200,1300,0,0,0,0,0,0,1,0,1,0,0,0,0,1,0,0
4452,0,24,37,1,60,90.0,3500.0,0.0,500,963,0,0,1,0,0,0,0,0,1,0,0,0,0,1,0,0
