,RevolvingUtilizationOfUnsecuredLines,age,NumberOfTime30-59DaysPastDueNotWorse,DebtRatio,MonthlyIncome,NumberOfOpenCreditLinesAndLoans,NumberOfTimes90DaysLate,NumberRealEstateLoansOrLines,NumberOfTime60-89DaysPastDueNotWorse,NumberOfDependents
41981,0.9999998999999999,55,0,0.132851696,4982.0,1,1,0,0,0.0
7488,0.41962755399999996,63,1,0.43875612399999997,10000.0,13,1,2,0,0.0
25706,0.147334739,54,0,0.031626085,3572.0,8,0,0,0,1.0
49307,0.7624087709999999,39,0,0.529433543,2700.0,6,0,0,0,4.0
4891,0.0,60,3,0.292697378,6750.0,5,1,1,2,0.0
27965,0.76147208,46,0,0.494569902,5800.0,7,0,1,0,2.0
126236,0.22100749600000003,61,0,0.618258353,3800.0,10,0,2,0,0.0
61986,0.944375952,41,5,0.285031155,6900.0,10,2,0,0,3.0
116582,0.8679494440000001,62,1,0.456806283,4583.0,15,0,1,0,3.0
103668,0.256510533,29,1,8901.0,0.0,17,0,9,0,1.0
14500,1.194825559,59,0,0.40921710200000005,1800.0,3,3,1,3,0.0
109111,0.024560965,27,0,1.432783608,2000.0,5,1,1,0,0.0
39707,0.658544156,53,0,0.951917573,5240.0,17,0,4,1,1.0
227,1.9534883719999998,38,0,0.153500141,3556.0,5,0,0,0,2.0
94269,0.7522343159999999,47,0,0.44357541899999997,2684.0,10,0,1,0,2.0
148331,0.137196324,47,1,0.7246294990000001,7084.0,10,0,2,0,2.0
74828,0.911941165,35,0,0.589483612,4240.0,7,0,1,0,1.0
77993,0.419186106,45,0,0.587948954,7600.0,13,0,1,0,2.0
90203,0.9999998999999999,24,1,0.036654449,3000.0,4,2,0,0,0.0
49333,0.15733887400000002,58,2,1626.0,,10,0,1,0,0.0
39589,0.115114261,72,0,0.01995184,5813.0,6,0,0,0,0.0
137636,0.586044688,44,0,0.64929546,4470.0,7,0,2,0,0.0
115810,0.9999998999999999,56,0,0.058659555999999995,8250.0,2,2,0,1,0.0
81821,0.8110354059999999,37,0,0.366663155,9490.0,9,0,2,0,2.0
140869,1.164261931,56,1,0.141653502,3797.0,6,3,0,2,1.0
75274,0.9999998999999999,51,0,0.0,,1,0,0,0,5.0
2496,0.451376082,48,0,2.51196093,12080.0,29,0,17,0,2.0
3712,0.9999998999999999,28,0,0.44433448799999997,2020.0,3,1,0,0,0.0
98999,0.9999998999999999,28,0,0.254477301,2400.0,6,0,0,0,0.0
107884,0.004701008,66,0,0.000499917,6000.0,3,0,0,1,0.0
42313,0.619557459,24,0,0.009024644,2880.0,1,0,0,0,0.0
33821,0.024127851000000002,69,0,0.423622413,4300.0,16,0,1,0,2.0
43053,0.142732024,48,0,0.390227082,20300.0,22,0,5,0,3.0
87163,1.1921014140000001,48,2,0.9412235109999999,2500.0,13,1,1,0,2.0
134201,0.9999998999999999,57,0,0.36315921,4000.0,3,1,1,1,3.0
41135,0.573796369,36,0,0.322923173,1600.0,8,0,0,1,2.0
42557,0.612903226,56,0,0.29633044399999997,5422.0,9,0,0,1,0.0
140650,1.976744186,46,1,0.116823765,3500.0,2,2,0,0,0.0
45862,0.055463838,56,2,0.136095989,9000.0,22,0,1,0,0.0
111061,0.7310360909999999,60,2,0.359737807,9000.0,17,1,2,0,0.0
119249,0.13094009,39,0,0.077288942,9250.0,3,0,0,0,0.0
116270,0.026134003,77,0,0.148528992,3500.0,9,0,1,0,0.0
26154,0.9999998999999999,44,0,0.666547662,2800.0,2,0,0,0,2.0
33405,0.9999998999999999,28,2,0.666666667,2573.0,4,2,0,1,2.0
81416,0.7619375970000001,49,3,0.207368599,5916.0,10,0,2,0,2.0
20950,0.553131533,36,0,0.630619101,6250.0,9,1,1,0,0.0
96197,0.962700386,44,0,0.19944636699999999,7224.0,6,0,0,0,4.0
38250,0.689748997,38,2,0.650817884,4584.0,13,1,2,0,0.0
144449,0.9999998999999999,32,0,106.0,,0,3,0,1,0.0
64155,0.9850025859999999,56,4,0.428350356,3230.0,6,2,1,0,0.0
35042,0.029850746,42,0,685.0,,3,2,0,1,0.0
95603,0.19689456100000002,40,1,72.0,,2,0,0,0,0.0
74786,1.036867172,42,3,0.664399926,5440.0,12,0,2,0,3.0
93507,0.582237619,47,0,409.0,,10,0,0,0,0.0
63661,0.134393975,64,2,0.07177395,6617.0,13,0,0,0,0.0
110723,0.865814437,54,1,0.361725664,8135.0,11,0,2,3,2.0
137052,0.7931062520000001,35,1,0.09830056599999999,3000.0,3,0,0,1,4.0
123986,0.9999998999999999,22,0,0.221462388,1900.0,1,0,0,0,0.0
146582,0.884873589,25,0,0.320441989,3800.0,7,0,0,0,1.0
70398,1.5323117919999998,65,1,482.0,,1,5,0,0,0.0
28087,0.0,73,1,0.671875,1727.0,3,0,1,1,0.0
113575,0.876123876,41,1,220.0,,4,3,0,0,0.0
37580,0.15428528800000002,47,1,0.423365428,17863.0,13,0,2,0,2.0
45913,0.9999998999999999,34,0,0.015546918,1800.0,0,0,0,0,0.0
65349,0.9225149009999999,26,1,776.0,,6,0,0,2,0.0
25622,1.157728707,46,0,0.34138218200000003,1200.0,4,0,0,1,1.0
121426,1.050794921,30,2,0.48722597700000003,6066.0,8,0,2,3,0.0
125293,0.24859227,50,0,1.172327857,10833.0,22,0,2,0,0.0
97489,0.911043458,35,3,0.34237015200000004,7450.0,7,0,1,0,2.0
54244,0.0,36,1,0.599189021,3205.0,6,1,1,2,2.0
48086,0.9841854529999999,40,3,0.6969195779999999,4836.0,22,0,1,0,1.0
61812,1.06942516,46,9,0.346173868,1920.0,11,1,0,1,1.0
14145,0.093460415,59,1,0.39680071100000003,4500.0,12,0,1,0,0.0
23214,0.8285248690000001,40,0,0.12368763099999999,10000.0,5,0,0,0,0.0
114470,0.875555794,56,0,0.6751483620000001,12300.0,19,0,6,0,0.0
53041,0.9999998999999999,36,0,0.167708073,4000.0,1,4,0,0,0.0
95273,0.12024023699999999,43,0,0.477932212,4100.0,16,1,1,0,3.0
53747,0.0,49,3,0.289413307,3050.0,5,0,0,0,1.0
73050,0.937354215,43,1,0.380330579,6049.0,4,0,1,0,3.0
10767,0.51795338,52,0,0.26818722300000003,9250.0,11,0,2,1,2.0
133709,0.9999998999999999,50,1,0.160661955,5800.0,2,0,0,0,0.0
145178,0.947815368,30,0,849.0,,4,2,0,1,0.0
34270,0.75756061,40,3,0.524241933,6166.0,8,2,2,2,1.0
29362,0.779468507,41,1,2.147901399,1500.0,12,0,3,0,3.0
9318,0.9999998999999999,31,0,0.102179564,5000.0,1,0,0,0,0.0
8267,0.49366514,34,1,0.419942077,7250.0,10,0,2,0,0.0
97794,0.739473314,40,0,0.487837388,6001.0,7,0,2,0,2.0
47696,0.367848017,63,0,0.147442535,4828.0,5,1,0,0,1.0
91941,0.953003133,44,0,1056.0,,3,0,0,0,0.0
133572,0.987004332,57,3,0.363998861,3510.0,6,0,0,0,1.0
92026,0.659597941,61,0,0.744095365,8975.0,18,0,2,1,0.0
96075,0.827968923,33,2,3956.0,,11,1,2,2,0.0
82821,1.064387123,51,2,0.693641618,2940.0,6,0,1,1,1.0
15465,0.9999998999999999,32,1,0.44616662100000004,7225.0,6,0,0,0,1.0
143121,0.950166113,49,0,0.098757952,3300.0,2,0,0,1,3.0
139894,0.968080935,54,0,0.6209201120000001,6433.0,4,0,1,0,1.0
68974,0.9999998999999999,34,2,0.249401523,4594.0,7,1,1,0,0.0
54398,0.309373254,54,1,4369.0,,16,0,2,0,0.0
59785,0.052094790999999994,68,0,0.002678093,5600.0,5,0,0,0,0.0
106061,0.9999998999999999,42,98,0.0,3200.0,0,98,0,98,1.0
74158,0.45453462899999997,44,0,1.075231192,4000.0,8,0,1,0,4.0
42948,0.9999998999999999,23,0,0.089385475,1789.0,0,1,0,0,0.0
1092,0.9999998999999999,41,0,219.0,,1,2,0,1,
103995,1.0021734409999998,25,2,0.09673790800000001,8000.0,4,0,0,0,0.0
74193,0.0,54,0,3604.0,,7,0,1,0,0.0
142295,0.0,57,1,0.279113753,3700.0,8,0,1,0,0.0
107542,0.999333777,49,1,0.102389878,8535.0,5,0,1,0,0.0
82331,0.9999998999999999,47,0,13.0,,0,0,0,1,0.0
99117,1.00419916,29,0,0.225606854,2100.0,9,0,0,0,2.0
73836,0.9999998999999999,47,0,0.5028323889999999,3000.0,6,0,2,0,1.0
27608,1.079607415,46,4,0.127104655,3028.0,9,1,0,0,4.0
60200,0.060416867,52,4,1403.0,,12,1,1,3,2.0
10040,0.011478065,42,0,0.32794954600000004,6500.0,6,0,1,0,0.0
133566,0.542813536,39,0,0.534687311,9945.0,6,0,1,0,3.0
120047,0.981277592,27,0,0.367088608,1500.0,6,0,0,0,0.0
79884,0.9999998999999999,35,1,0.127567255,3456.0,1,0,0,0,5.0
7356,0.907706171,45,1,0.360045912,19166.0,15,0,2,0,2.0
63061,0.057911027000000004,33,0,93.0,,4,0,0,0,0.0
59729,0.044738099,33,0,0.483303339,5000.0,12,0,2,0,1.0
8043,0.43649535899999997,46,1,543.0,,6,0,0,0,0.0
105171,0.884743504,46,2,0.551809998,5220.0,5,1,1,1,2.0
113426,0.9999998999999999,32,0,1494.0,,4,4,0,3,0.0
40577,0.44592567899999996,31,0,0.009140981999999999,8532.0,6,0,0,1,2.0
80524,0.567829174,82,0,0.47631397,5783.0,12,0,1,0,0.0
102388,0.417715345,61,1,0.49731607200000005,9500.0,4,1,1,1,0.0
27349,0.484357022,48,0,0.33826600100000004,11014.0,7,0,1,0,1.0
58005,0.971751412,63,1,0.600393701,2539.0,8,0,0,0,0.0
139965,0.123622157,52,0,0.242864054,6200.0,4,0,1,0,1.0
30556,0.269296783,40,1,0.428433269,11373.0,17,0,3,0,2.0
12493,0.9999998999999999,44,0,0.0037921879999999997,2636.0,0,2,0,0,1.0
111129,0.023460787,53,0,0.471168831,9624.0,7,1,3,0,0.0
7666,1.0790525990000002,36,1,3866.0,,12,0,2,2,
108266,0.5040919460000001,41,1,0.640109058,3300.0,10,0,1,0,2.0
144379,0.9999998999999999,49,1,356.0,,0,4,0,0,2.0
108241,0.9999998999999999,48,98,0.0,2000.0,0,98,0,98,2.0
97088,0.980403919,50,1,0.394512084,5502.0,9,0,2,0,0.0
71066,0.9999998999999999,36,0,9.0,,0,0,0,0,0.0
59853,0.9999998999999999,55,0,0.0,1000.0,0,1,0,0,0.0
103405,1.05345502,59,3,171.0,,6,0,0,0,0.0
105343,0.827723147,59,0,0.18060161100000002,8443.0,18,0,1,0,1.0
135227,0.319295254,52,0,0.56958275,12150.0,18,0,2,0,3.0
55937,0.9999998999999999,36,1,0.124399154,5200.0,2,2,0,1,0.0
14617,0.39937076899999996,64,0,0.883748517,5900.0,22,0,2,0,1.0
51521,0.107817187,40,4,0.38362404200000005,9000.0,4,0,1,1,1.0
110462,0.538424912,53,2,0.349854227,5830.0,5,1,2,1,2.0
133120,0.89376715,63,1,1635.0,,2,2,1,3,0.0
58078,0.24234283199999998,53,0,0.36506687600000004,10167.0,13,0,2,0,4.0
71223,0.9999998999999999,26,0,0.105526243,3600.0,2,1,0,0,0.0
112544,0.9999998999999999,58,1,444.0,,1,2,1,0,0.0
33789,0.00035292699999999995,73,0,0.214317943,6648.0,14,1,0,0,0.0
32820,0.120186661,74,1,0.079684764,2283.0,3,2,0,0,1.0
95106,0.9999998999999999,43,0,0.069272446,2583.0,1,1,0,0,0.0
93928,2.658585354,36,0,0.262861904,4800.0,5,0,0,0,2.0
112513,0.984015984,32,0,0.104631789,3000.0,2,2,0,1,1.0
53281,1.916943522,59,2,0.085560469,5200.0,4,1,0,2,1.0
8920,0.6519375589999999,49,2,0.5696491229999999,11399.0,26,0,4,0,0.0
57162,1.0643895909999999,38,5,0.545038486,4806.0,11,0,2,0,0.0
96888,0.519153182,58,0,0.220229344,3400.0,9,0,0,0,0.0
12075,0.9999998999999999,31,0,0.0,,0,0,0,0,0.0
143574,0.9999998999999999,57,2,0.316170957,4000.0,4,0,0,2,1.0
25869,0.387700439,62,1,0.501933076,7500.0,11,2,2,0,1.0
130209,0.9999998999999999,36,0,0.012699788,60000.0,2,2,0,0,0.0
109121,0.980464544,50,2,0.843156357,2052.0,7,0,1,0,2.0
7384,0.903013855,46,1,0.28397603899999996,5341.0,4,2,0,1,1.0
26668,0.26056397,50,3,0.538659478,8160.0,13,0,1,2,0.0
56215,0.931943854,57,1,0.097242686,4750.0,8,2,0,1,0.0
78704,0.079991112,53,4,1.767906718,1800.0,11,0,3,0,0.0
10119,0.9999998999999999,31,0,0.017414766,4076.0,1,0,0,0,0.0
102774,0.718658668,46,0,5932.0,,6,0,2,0,2.0
21315,0.12222149800000001,33,0,0.242651657,3197.0,7,0,0,0,0.0
10223,0.888712953,59,5,3252.0,,12,1,2,0,0.0
84917,0.389599189,44,2,0.703288428,11950.0,18,1,5,0,2.0
16104,1.022996167,36,0,0.359238955,3100.0,4,0,1,2,1.0
15687,0.9999998999999999,26,0,0.265631223,2510.0,3,0,0,0,2.0
38437,0.42924674399999996,60,3,1.50041632,1200.0,16,0,0,0,0.0
117496,0.101265823,36,0,0.227738377,2537.0,9,2,0,0,1.0
111966,0.9999998999999999,45,0,0.332472007,1160.0,8,0,0,0,1.0
74872,0.903654485,46,0,3436.0,,4,0,2,0,0.0
67804,0.9999998999999999,36,0,0.009327115,1500.0,0,4,0,0,0.0
101323,0.817204301,36,2,0.27683197600000004,1350.0,9,0,0,0,1.0
145249,0.65435641,45,1,0.548854605,6416.0,17,0,1,1,1.0
58973,0.721447418,53,0,0.354822335,11819.0,10,0,2,0,0.0
6423,0.9999998999999999,62,0,0.370758123,2769.0,4,0,0,0,0.0
13044,0.26204215,57,1,0.385427666,10416.0,16,0,1,0,2.0
109348,1.223880597,45,1,0.17994002,3000.0,4,3,0,0,2.0
54436,0.9999998999999999,33,0,0.040856622,6583.0,9,1,0,0,2.0
8231,0.943343273,52,0,0.264789408,25000.0,7,0,0,1,3.0
43105,0.995001136,37,0,0.321441843,2690.0,18,0,0,0,2.0
121138,0.9999998999999999,62,1,1465.0,,1,0,0,0,0.0
85422,0.0,71,1,0.028630032000000003,11700.0,6,0,1,0,0.0
74410,0.9999998999999999,34,0,54.0,,1,0,0,0,0.0
37285,0.172725871,64,0,0.25853741199999997,11800.0,18,0,1,0,0.0
107208,0.9999998999999999,24,1,0.148243359,3500.0,2,1,0,0,0.0
72091,0.9999998999999999,30,0,0.0,2120.0,0,0,0,0,2.0
65729,0.036942262999999996,43,0,0.7191737990000001,55966.0,41,0,29,0,0.0
110724,0.9999998999999999,29,0,40.0,,4,6,0,0,0.0
113935,0.206332194,86,1,0.200275767,2900.0,15,0,0,0,0.0
1649,0.922505535,45,0,0.501614046,12700.0,11,0,4,0,1.0
132843,0.5789314210000001,91,0,0.29757619399999996,4166.0,4,4,0,1,1.0
80807,0.9999998999999999,45,1,0.10281143400000001,8500.0,2,1,0,0,4.0
126830,0.0499002,31,0,0.051212271,4041.0,3,2,0,1,4.0
25360,0.7249100359999999,49,0,0.285047767,4500.0,8,0,1,0,0.0
43608,0.9999998999999999,39,1,0.783777298,4166.0,4,0,1,0,0.0
108591,0.205253872,55,1,0.255372314,2000.0,3,0,0,1,2.0
16580,0.7865844670000001,61,0,1.732325695,2050.0,12,0,3,0,0.0
91195,0.173138149,58,0,0.09026852,5250.0,9,0,0,0,0.0
127038,0.415430267,52,6,0.394810738,8902.0,18,1,3,0,2.0
93456,0.875496409,47,1,0.38330198200000004,6910.0,7,0,2,0,0.0
123035,0.483011326,32,1,0.231345948,2800.0,8,0,0,0,0.0
68584,0.739409283,42,3,0.714157438,3340.0,11,3,1,1,4.0
63791,0.9999998999999999,45,0,309.0,,4,1,0,4,0.0
126362,1.111296235,40,2,0.553899291,5500.0,5,2,1,1,1.0
55155,0.8670189970000001,55,1,2296.0,,5,2,2,1,0.0
62593,0.869855602,48,1,0.386540161,21500.0,27,0,8,0,1.0
103375,0.053130070999999994,78,0,0.066343042,617.0,3,0,0,0,0.0
10551,0.9093062009999999,66,0,0.417904204,4780.0,19,0,0,1,0.0
126696,0.005997601,31,1,0.10558464199999999,4583.0,4,0,0,1,2.0
26861,0.928126769,47,1,0.078368653,2500.0,3,0,0,1,0.0
16076,1.314307141,37,0,0.49619085799999996,4987.0,9,0,1,0,1.0
38955,0.9999998999999999,34,0,0.106323053,7100.0,6,0,0,0,2.0
63631,0.069723888,40,0,0.037488285,3200.0,10,0,0,0,2.0
98145,0.080932517,80,0,1.0,2500.0,11,0,1,2,0.0
52077,0.9999998999999999,25,0,0.037613489,3083.0,2,1,0,0,0.0
35873,0.154724314,44,0,0.7274167990000001,4416.0,10,0,3,0,0.0
125849,0.9999998999999999,58,0,0.094089974,3400.0,2,0,0,1,1.0
117615,0.9999998999999999,28,98,8.0,,0,98,0,98,0.0
134440,1.28685259,50,0,0.059957172999999996,1400.0,1,0,0,0,2.0
99092,0.983708568,60,1,0.578915572,6620.0,16,0,1,2,0.0
144018,0.239872735,48,0,0.184094256,8826.0,9,0,0,1,0.0
73902,0.473652635,45,0,1.196865818,1020.0,5,0,1,0,2.0
60519,1.144038594,39,4,3899.0,,7,1,2,2,0.0
77393,1.149390661,39,0,0.556205803,4100.0,5,5,2,2,1.0
44462,0.784431138,36,2,0.5207417320000001,5230.0,3,2,1,0,0.0
5909,0.902408675,51,2,0.7132352940000001,1767.0,8,0,1,1,1.0
145248,0.44584215,47,3,0.537244694,9987.0,14,0,2,0,2.0
100349,1.313373253,32,1,0.005065315999999999,3750.0,3,1,0,0,2.0
140591,0.57888986,49,3,0.44930020000000004,3500.0,7,1,1,1,0.0
685,0.9907644259999999,36,2,0.361340457,4117.0,4,0,0,0,1.0
60461,0.36027197899999996,61,0,0.277280702,11399.0,17,0,1,0,0.0
55833,0.9999998999999999,56,0,0.0,637.0,0,0,0,0,0.0
136676,0.21660572,49,1,0.38160115,16000.0,11,0,3,0,3.0
137965,0.635484788,73,1,0.672546196,8333.0,13,4,4,0,0.0
13216,0.9999998999999999,30,1,0.109424181,5400.0,4,3,0,2,0.0
24451,0.9999998999999999,30,0,0.005640303,7800.0,0,0,0,1,1.0
7078,0.9739657740000001,57,4,0.564327485,9233.0,15,0,1,1,0.0
91434,0.8508302459999999,49,0,0.529635098,4740.0,17,0,2,0,1.0
132329,0.9999998999999999,71,4,0.278454577,2872.0,4,1,1,2,0.0
114704,0.612644579,55,0,0.263680832,6541.0,9,0,0,0,0.0
63234,0.9999998999999999,79,0,10.0,,2,0,0,0,0.0
70025,1.0883592229999999,55,2,0.285573123,7083.0,5,1,1,1,0.0
86683,0.700670657,37,0,0.313614398,6000.0,12,0,0,0,0.0
51736,0.798403194,37,2,0.18735534199999998,8208.0,4,1,0,1,2.0
118615,0.855749645,46,0,0.33634853200000003,5416.0,5,0,1,0,0.0
944,0.913773615,55,2,0.881655429,4300.0,17,0,2,0,1.0
45998,0.0,30,0,0.0,1417.0,1,0,0,0,1.0
144261,0.9999998999999999,46,1,1592.0,,2,2,2,0,
70191,0.8103300659999999,72,2,0.6763260459999999,5900.0,11,0,0,0,0.0
108677,1.215568862,58,0,0.15932563800000002,6583.0,2,1,1,1,1.0
30321,0.023255137999999998,27,0,0.138141576,5240.0,11,1,0,0,0.0
40258,0.9810063309999999,24,1,0.01223951,25000.0,6,0,0,0,0.0
123752,0.54387264,49,3,0.662800163,4913.0,3,0,1,1,0.0
58350,0.9999998999999999,57,2,0.7481892809999999,4141.0,7,1,1,1,1.0
24091,0.9999998999999999,42,1,1422.0,,1,1,1,1,
11762,1.419301165,28,0,0.159868026,3333.0,3,1,0,3,1.0
37869,0.9884965929999999,52,5,1.7296683330000002,2200.0,14,0,3,1,1.0
53310,1.050599201,31,3,0.6238283689999999,4800.0,11,1,2,0,0.0
62873,0.043173460999999996,56,1,0.155514536,4333.0,9,0,1,0,1.0
43444,1.2558139529999999,42,3,0.477626459,3083.0,6,3,1,2,3.0
41999,1.043123953,73,0,0.212158273,13899.0,21,0,0,0,0.0
57031,0.017891457,52,0,0.46623786,39333.0,18,0,7,0,3.0
73122,0.588426447,41,0,0.273500726,4818.0,7,0,0,3,3.0
120332,0.047130190999999995,45,0,0.584773604,7000.0,8,0,2,0,0.0
24646,0.483711835,42,1,0.380871534,7067.0,7,0,2,0,1.0
120836,0.27290903,35,0,0.437391136,5166.0,5,0,1,2,1.0
17406,0.008366493000000001,26,0,0.120399818,2200.0,9,0,0,0,0.0
60906,0.001313065,34,0,0.18293979999999999,4700.0,2,0,1,0,4.0
66529,0.511096462,51,0,68.0,,3,0,0,0,0.0
26032,1.07189029,53,3,1.4088920630000001,11200.0,17,0,8,1,1.0
49842,0.9999998999999999,29,0,707.0,,5,0,0,0,0.0
92719,0.162091545,99,1,150.0,,2,0,0,0,
119877,0.622772594,39,0,1.358880373,3000.0,12,0,6,0,0.0
5155,1.062392987,46,1,0.29356881,3000.0,7,0,0,0,0.0
97903,0.81759609,32,0,2841.0,,7,0,2,0,1.0
73986,0.328029965,52,1,17.52481777,2880.0,14,0,1,0,0.0
82356,1.053209678,58,3,0.098159162,17654.0,9,2,0,4,0.0
134552,0.708335059,49,0,0.435007917,6946.0,8,0,2,0,0.0
13397,0.8420789609999999,28,1,0.317770367,2098.0,3,0,0,0,0.0
138474,0.029284552000000002,37,0,0.933522497,7400.0,9,1,1,0,2.0
15986,0.498410055,41,0,0.51867788,5112.0,9,0,2,0,3.0
106286,0.9999998999999999,63,0,0.294705786,6100.0,1,2,1,0,0.0
64988,0.930645383,48,1,1291.0,,12,0,0,0,0.0
93033,0.00478862,63,0,1935.0,,12,0,3,0,0.0
82112,1.044439507,48,2,0.264092398,5800.0,5,0,0,0,3.0
123611,0.9515783459999999,47,3,0.310960371,2800.0,4,0,1,0,2.0
131533,0.9999998999999999,42,0,0.0,5000.0,0,0,0,0,2.0
88627,0.49663565,62,0,0.422711968,9800.0,9,0,1,0,5.0
140845,0.801578218,54,2,0.460089985,6000.0,12,0,2,1,1.0
69763,0.7838926829999999,56,1,0.83983119,4975.0,10,2,2,0,0.0
132061,0.051049562,53,0,0.41196172200000003,4179.0,12,1,2,0,1.0
84120,0.304242395,69,1,0.16304347800000002,5703.0,6,0,0,0,1.0
107782,0.866251268,39,4,0.363471149,2200.0,5,0,1,0,2.0
38286,0.0,28,0,0.561998766,1620.0,8,0,0,0,0.0
101221,0.7206567159999999,68,0,1473.0,,13,0,0,0,0.0
129466,0.546308676,36,0,1.178397579,7600.0,12,0,4,0,0.0
22729,1.056839475,23,0,0.111269615,700.0,2,2,0,0,3.0
77867,0.061220155,62,0,0.44382780899999996,6666.0,7,0,1,0,3.0
28675,0.9999998999999999,24,0,3.0,,1,0,0,0,0.0
86113,0.9999998999999999,44,0,1374.0,,1,1,1,0,4.0
95137,1.031996632,55,0,1.316683317,1000.0,4,0,2,0,0.0
94799,0.691918598,60,0,0.42792995100000003,2226.0,8,0,0,0,0.0
32999,0.5858046170000001,62,0,0.534616346,4000.0,11,0,0,1,0.0
32517,0.0035263770000000002,75,0,769.0,,8,0,1,0,0.0
65308,0.945091514,62,2,0.937250428,1752.0,5,0,1,0,0.0
43860,0.9999998999999999,58,1,0.17379879899999998,2663.0,2,0,0,0,1.0
68628,1.3096129840000001,23,1,0.331138288,2125.0,4,0,0,0,1.0
33023,0.7934539190000001,45,0,0.14214308,3200.0,5,0,0,0,0.0
136337,0.601993287,55,0,1.188371481,3800.0,20,0,2,0,1.0
87196,0.9999998999999999,39,0,0.0,,0,0,0,0,0.0
14030,1.143237841,40,1,0.310949788,4958.0,7,0,1,0,1.0
52594,0.99440112,64,2,0.546542235,4178.0,4,1,0,1,3.0
117634,0.9999998999999999,56,0,0.198698393,4916.0,3,0,0,0,4.0
92816,0.0,28,2,0.314166032,2625.0,6,1,0,0,0.0
3417,0.834839454,36,1,0.212615792,6800.0,10,1,0,3,3.0
83966,0.9999998999999999,29,0,208.0,,1,0,0,0,
110681,0.006803610999999999,79,2,0.0039984009999999995,2500.0,12,0,0,1,0.0
43249,0.828282828,46,2,0.870024995,5200.0,4,3,1,0,2.0
18367,0.0,29,0,0.325306679,2200.0,12,0,0,0,0.0
52473,0.47775107899999997,52,0,0.426661241,17200.0,10,0,2,0,1.0
89067,1.096890724,31,0,0.318099195,3850.0,8,3,0,0,0.0
41629,0.89276808,74,0,0.144305307,1676.0,1,0,0,0,0.0
127161,0.6051206929999999,33,0,0.720473899,2700.0,3,0,1,0,0.0
69154,0.9999998999999999,54,0,3035.0,,4,4,2,0,0.0
64954,0.78792496,55,2,0.512904183,3370.0,9,0,2,0,0.0
113785,1.263473054,37,1,0.335584977,3700.0,6,2,1,5,1.0
111082,0.48299672,50,4,1.346057714,4400.0,26,1,3,2,0.0
140908,0.906562483,62,2,0.6804062129999999,1673.0,12,0,0,0,0.0
113364,0.9221556890000001,46,0,0.004331889,3000.0,1,0,0,0,2.0
10802,0.49625935200000004,54,1,0.364165329,4983.0,4,0,1,0,0.0
79490,1.2536510379999999,56,2,427.0,,4,2,0,0,0.0
146768,0.410353255,47,2,0.40133163299999997,7058.0,8,0,3,1,3.0
20993,0.271643215,39,3,0.47096232299999996,8333.0,13,0,2,0,3.0
95476,0.9999998999999999,41,0,0.433413317,3333.0,2,3,0,1,0.0
68692,0.970913186,57,0,0.698602794,3506.0,10,0,2,0,0.0
104480,0.861677733,51,2,1.227120536,3583.0,15,0,1,0,1.0
30463,0.239164591,61,1,10229.0,,20,0,5,1,0.0
64424,0.170460561,33,0,0.40989213399999996,3800.0,9,0,1,0,0.0
113264,0.8155511120000001,49,1,4081.0,,5,3,2,1,
148647,0.973782548,54,0,0.747276955,8170.0,17,0,2,0,0.0
138744,0.41844200600000003,50,3,0.9559087409999999,3900.0,15,0,2,0,0.0
89480,0.9999998999999999,39,3,0.9822876009999999,3330.0,7,4,1,0,2.0
83591,0.500792393,47,2,1992.0,,7,0,1,1,1.0
89154,0.9999998999999999,29,0,11.0,0.0,3,0,0,0,3.0
52544,0.9999998999999999,29,0,0.006870706,1600.0,2,0,0,0,0.0
19870,1.0199944459999999,28,0,452.5,1.0,11,0,0,0,3.0
110802,0.9999998999999999,34,0,0.0,2494.0,0,0,0,0,2.0
70569,0.9929232440000001,50,1,1748.0,,14,0,1,2,0.0
57763,0.052535902999999995,30,0,349.0,,10,0,0,0,1.0
64241,0.449930234,45,4,0.58591873,9572.0,20,0,3,1,2.0
71996,0.9178707220000001,44,0,0.316667424,22000.0,18,0,2,0,1.0
92953,0.0034543359999999997,57,1,1954.0,,6,0,2,1,2.0
102253,0.510998842,35,3,0.05570424400000001,34000.0,8,0,1,0,0.0
117974,0.9999998999999999,52,0,0.5374312370000001,4180.0,5,2,2,0,2.0
121886,0.9999998999999999,44,98,0.0,6283.0,1,98,0,98,2.0
46343,0.660998955,46,5,0.44880536,16866.0,17,0,7,0,0.0
12348,0.83650103,65,1,0.47991468200000004,2812.0,14,0,0,1,2.0
95358,0.9999998999999999,46,0,0.0,,0,1,0,0,0.0
89203,0.950703407,44,1,0.238319962,2118.0,7,3,0,0,2.0
88569,0.0,54,0,0.271143797,5166.0,5,0,2,0,0.0
95567,0.11869048800000001,71,1,0.50950794,5100.0,18,0,3,0,0.0
90514,0.9999998999999999,34,0,0.299435028,2300.0,7,3,0,0,0.0
141607,0.20685287600000002,38,1,0.417880023,3433.0,5,0,1,1,2.0
148552,0.09806012900000001,56,0,0.239253582,3000.0,10,0,0,0,2.0
53644,0.9999403379999999,46,2,0.73272536,5701.0,9,1,2,0,2.0
98607,0.054198052999999996,45,0,3199.0,,18,0,2,0,1.0
351,0.635720859,68,1,0.21807127699999998,25000.0,27,0,3,0,0.0
134601,0.627193957,37,1,0.43517650700000005,3200.0,5,0,1,1,2.0
41606,0.9391462309999999,35,3,0.072782741,4588.0,16,0,0,1,0.0
23466,0.924839097,40,6,0.659425912,7733.0,24,1,4,2,2.0
29587,0.33423516600000003,42,0,0.367726455,5000.0,11,0,1,0,0.0
38775,0.002997643,53,2,0.41068744,7316.0,18,0,2,0,0.0
130600,0.536511337,37,0,0.888037321,3000.0,8,0,2,0,0.0
76307,0.752808989,26,2,217.0,,6,0,0,0,
120708,0.562013767,55,0,1.141378705,5700.0,9,0,2,0,1.0
140910,0.999759326,25,1,0.097120271,7083.0,3,0,0,0,0.0
45989,0.71870677,46,0,0.45896861,4459.0,17,0,1,0,0.0
131632,1.009840943,57,1,0.31874853,4250.0,4,5,0,0,1.0
4008,1.034430714,40,3,0.433426629,2500.0,7,1,0,0,0.0
146174,0.070083712,58,0,0.203856006,7416.0,3,0,1,0,0.0
103467,0.0,73,0,0.702978546,4800.0,11,0,1,0,0.0
101280,0.819911869,55,1,0.7363465159999999,2123.0,18,0,1,0,1.0
7820,0.10431770300000001,58,0,0.700040048,2496.0,8,0,1,0,0.0
58136,0.24008282,53,0,0.04429557,10000.0,3,0,0,0,0.0
44584,0.641697878,46,2,0.102651459,6750.0,2,0,0,0,1.0
115101,0.342503939,46,2,2495.0,,4,2,1,0,0.0
110811,0.43042149,55,0,0.668178119,8600.0,12,0,3,0,1.0
68073,0.33771755200000003,54,0,1957.0,,15,0,1,1,0.0
44180,1.016611296,29,0,0.007438017,1209.0,1,0,0,0,0.0
113007,0.9999998999999999,31,0,2.263435701,2083.0,6,1,2,0,0.0
14957,0.69030969,25,1,0.270758123,3600.0,6,0,0,2,1.0
5967,0.0,41,0,0.852315954,4468.0,7,1,2,0,1.0
21725,0.460941641,35,0,0.8560287940000001,3333.0,6,0,2,0,2.0
112630,0.022835395,65,0,155.0,,8,0,0,0,0.0
1314,0.9721508759999999,59,0,1.4737979469999998,1850.0,12,0,2,0,0.0
48495,0.873860629,55,0,3953.0,,11,0,2,0,
69905,0.304453133,57,1,0.387419165,1700.0,11,0,0,0,0.0
144949,0.915084915,32,0,0.485003333,4500.0,4,0,1,0,0.0
111953,0.928997937,49,4,0.406358238,8083.0,9,1,2,0,0.0
105869,1.072618254,40,1,0.259891712,2400.0,8,1,1,4,2.0
10179,0.052528199000000005,36,1,0.261836202,14932.0,11,0,1,0,2.0
35255,0.6699722770000001,60,6,3343.0,,26,0,1,0,0.0
67289,0.956690727,50,0,0.055145362,4333.0,5,4,0,0,0.0
25088,1.0717851840000001,46,3,6243.0,0.0,9,4,2,0,0.0
92750,1.383233533,33,1,0.194368756,1100.0,6,0,0,2,2.0
10307,0.9999998999999999,65,0,0.0,4000.0,0,0,0,0,0.0
136683,0.9999998999999999,34,98,0.0,3144.0,0,98,0,98,2.0
88119,0.8305647840000001,53,0,1053.0,,6,6,0,0,0.0
119471,0.702074946,42,0,0.238639314,3850.0,6,0,1,0,2.0
101181,0.0,44,0,0.242237888,13333.0,15,0,2,0,1.0
34877,0.96424589,44,1,0.322289747,5100.0,7,0,0,0,4.0
78614,0.6965174129999999,37,2,0.08962006900000001,5500.0,2,3,0,0,0.0
87253,0.60459885,28,0,0.233850595,2770.0,5,1,0,0,0.0
12072,1.088904445,40,1,0.38931733799999996,3500.0,5,1,0,2,4.0
31135,0.920956627,54,4,0.505072662,3646.0,14,0,0,0,0.0
82730,1.045701228,32,1,0.19537815100000003,3807.0,9,2,0,2,0.0
77225,0.409731046,52,2,0.702308455,7060.0,15,0,2,0,4.0
60368,0.759312034,63,1,0.244748611,7378.0,6,0,1,0,0.0
103940,0.9999998999999999,37,0,0.0,1200.0,0,0,0,0,1.0
33316,0.775522569,32,1,0.129103188,6366.0,5,1,0,0,1.0
57089,0.960914073,40,0,0.467029973,5504.0,7,0,1,0,0.0
101633,0.511395442,30,0,0.205544287,1478.0,2,0,0,0,0.0
105222,0.9513510479999999,54,1,0.141169854,5333.0,9,0,0,0,4.0
1286,1.0085156,59,1,2.219737309,5633.0,23,0,4,0,0.0
94714,0.7891846220000001,50,3,923.0,,10,1,0,0,0.0
121608,0.35711944,71,0,2.768007271,4400.0,13,0,8,0,0.0
97094,0.17237597600000001,43,1,0.27722668899999997,9576.0,8,0,1,0,2.0
16656,0.353858457,50,0,0.938530735,2000.0,5,0,1,0,1.0
31388,0.922467459,52,0,0.09848540800000001,13534.0,8,6,0,2,4.0
32026,0.9999998999999999,31,0,0.250277675,2700.0,2,0,0,0,0.0
101933,0.641354589,54,4,0.587639574,3850.0,8,0,1,2,1.0
79455,0.023629043,33,0,0.319518453,5066.0,15,0,2,0,0.0
34652,0.9999998999999999,57,0,1.366861436,9583.0,9,0,5,0,0.0
108933,0.455981941,36,0,0.5188248360000001,8100.0,12,1,1,0,2.0
111785,0.696521391,26,2,0.475873544,600.0,5,0,0,0,0.0
23038,0.0,37,2,598.0,,4,0,0,0,1.0
6731,0.999613153,54,2,0.27112148,6000.0,4,1,1,0,0.0
111603,0.351511422,31,1,0.259513984,2180.0,4,0,0,0,0.0
136282,0.625687156,39,3,1.321861557,2556.0,6,1,1,2,1.0
45369,0.9999998999999999,55,98,0.0,,0,98,0,98,0.0
75802,1.031587365,61,0,568.0,,4,0,1,0,0.0
56344,0.0,55,0,0.810277957,3093.0,9,0,2,0,0.0
139750,0.346690354,53,0,0.481981462,26000.0,18,0,7,0,1.0
21432,0.9999998999999999,64,0,2939.0,,4,5,1,3,
71288,0.6264815739999999,46,0,0.738863057,13333.0,21,0,11,0,0.0
1600,0.9999998999999999,35,1,0.9009114970000001,3400.0,6,0,2,0,0.0
134126,0.9999998999999999,35,0,456.0,,2,1,0,0,
2958,0.6863543790000001,27,0,805.0,,2,0,0,0,1.0
57405,0.255450308,83,0,0.011318618999999999,5300.0,6,0,0,0,0.0
113543,0.49599623200000004,61,7,0.087974864,3500.0,13,3,0,3,0.0
100806,0.5052784,62,0,0.414859252,6500.0,23,0,0,0,2.0
14901,0.9999998999999999,56,98,0.0,,0,98,0,98,0.0
88514,0.0,36,0,0.747061208,2466.0,5,2,1,0,0.0
95257,0.707885432,53,0,5.968031967999999,1000.0,14,0,2,0,1.0
52139,0.065220735,39,1,0.008159346999999999,4166.0,9,0,0,1,1.0
87935,0.7745009070000001,48,0,0.39514152,8973.0,11,1,2,0,0.0
31313,1.102564103,36,0,0.0035783990000000003,3073.0,3,9,0,0,0.0
90067,0.022931297000000003,48,0,4517.0,,6,0,2,0,2.0
116772,1.0033222590000002,43,5,5965.0,,13,3,2,1,0.0
141896,0.822188136,41,1,0.809632107,7474.0,16,0,3,0,3.0
97898,0.9999998999999999,33,1,0.277672119,2628.0,2,1,0,0,1.0
100096,0.715222349,50,2,1.094740839,5266.0,7,0,1,0,4.0
119699,0.594800993,78,1,0.956626506,1244.0,11,1,1,0,0.0
43624,0.9999998999999999,57,3,1.203074258,4618.0,10,1,2,1,1.0
47465,0.9734219270000001,38,0,0.175682301,6118.0,3,1,1,1,3.0
97827,0.009579342,44,1,0.38035992,4500.0,4,5,0,0,5.0
28062,0.9999998999999999,38,2,0.704863424,1500.0,3,0,0,0,3.0
39341,0.500989899,47,2,2.485255031,7900.0,19,0,9,0,0.0
80535,0.9911405240000001,41,2,0.8079369890000001,3300.0,8,0,2,0,2.0
126577,0.075022023,48,0,0.278307612,5766.0,13,0,2,0,1.0
136664,0.9651724709999999,32,0,0.764705882,1750.0,5,0,1,2,1.0
115622,0.9566444059999999,45,3,5245.0,,13,0,2,0,1.0
56063,0.141615042,52,1,0.589719181,2100.0,8,0,1,0,1.0
73164,0.9999998999999999,46,0,0.304213283,4200.0,7,0,1,1,1.0
109020,0.975688817,36,0,524.0,,8,0,0,0,0.0
88201,1.001297796,53,1,1.241515255,5833.0,13,0,3,0,1.0
54857,0.239309441,47,0,0.12203023800000001,5555.0,5,0,0,0,2.0
5652,0.9999998999999999,27,0,0.101299567,3000.0,3,3,0,0,1.0
71738,0.826092953,48,1,0.322590515,9804.0,8,3,1,1,2.0
57251,0.7825995809999999,51,4,0.365302055,13043.0,21,0,1,1,4.0
643,0.402345742,37,0,0.337622356,12667.0,16,0,2,0,3.0
100174,0.9999998999999999,82,0,0.0,6000.0,1,0,0,0,0.0
122686,0.9999998999999999,25,0,0.1745503,1500.0,1,0,0,0,0.0
92101,0.9999998999999999,43,1,0.253807107,2166.0,3,0,0,1,0.0
140631,1.0273315109999999,50,1,0.577627772,11406.0,9,0,2,0,0.0
124988,0.9999998999999999,42,98,0.0,3830.0,0,98,0,98,0.0
66062,0.740432612,46,0,0.176342072,6407.0,6,1,0,0,3.0
73800,0.208636442,63,0,0.39612615700000003,5833.0,12,0,2,0,0.0
40784,0.969100618,47,2,1.083436151,6483.0,10,0,2,0,2.0
84168,0.9999998999999999,29,96,0.0,2800.0,0,96,0,96,2.0
140894,0.51663798,45,0,584.0,,6,0,0,2,0.0
105085,0.16428516099999999,54,3,0.546739055,14366.0,14,0,1,0,4.0
74761,0.05879825,64,0,0.155652509,15585.0,23,0,3,0,1.0
102939,0.466994057,40,0,4329.0,,26,0,2,0,2.0
95493,0.41650771600000003,58,0,0.297036902,5500.0,9,0,0,0,0.0
117146,1.054396374,32,3,0.49012131700000006,5769.0,7,0,2,0,0.0
68840,0.679526706,26,0,0.5567216389999999,2000.0,12,0,0,0,0.0
19144,1.191404298,48,2,0.707421875,5119.0,9,1,2,6,1.0
96565,0.41899091200000005,62,0,1.612903226,2200.0,18,1,0,0,0.0
139041,0.988023952,38,1,0.7292768959999999,2267.0,4,2,1,2,0.0
137511,0.568440409,54,0,1333.0,,3,4,0,2,0.0
46408,1.031069936,46,1,0.158099047,8500.0,15,0,2,0,0.0
66632,0.781796795,35,3,0.49950016700000005,3000.0,9,2,1,3,0.0
84010,0.945688651,51,1,4189.0,,6,0,1,1,4.0
136178,1.021956088,33,1,0.107393172,4422.0,4,3,0,0,0.0
91202,0.43800044200000005,47,4,0.629432151,3750.0,14,0,1,0,0.0
88212,0.995001,50,1,0.534982935,3515.0,9,2,1,2,2.0
148521,1.00619876,29,0,0.43685438200000004,3000.0,8,0,0,1,1.0
114626,0.0,32,0,0.086052956,6495.0,3,0,0,0,4.0
136189,0.9999998999999999,31,1,0.673023685,3250.0,3,3,1,0,2.0
67957,0.99620076,23,0,0.077961019,2000.0,3,0,0,0,0.0
48801,0.001153812,89,1,1.0,,6,0,0,0,0.0
22685,0.496255115,64,0,251.0,,6,0,0,0,0.0
81590,0.645240878,27,0,0.169216785,6600.0,8,0,2,0,0.0
128858,0.156719473,54,0,0.290512669,3393.0,9,0,0,0,0.0
144622,0.9999998999999999,62,2,0.35045361399999997,6833.0,5,0,1,0,1.0
49695,0.9999998999999999,43,1,0.872998933,936.0,2,1,1,0,1.0
122171,0.022141802999999998,45,1,0.5404292860000001,3400.0,8,0,1,0,2.0
52014,0.9273387829999999,25,0,0.20117011699999998,2221.0,5,1,0,0,0.0
61854,0.38526044200000004,74,0,1.947708199,3097.0,12,0,3,0,0.0
4158,0.323280507,60,0,0.566333383,6700.0,9,0,2,0,1.0
127165,0.6340460529999999,56,1,1.3727884940000001,8760.0,10,0,4,4,2.0
50872,0.9867109629999999,35,0,98.0,,3,0,0,0,0.0
108534,0.9999998999999999,29,2,1273.0,,7,0,0,0,1.0
68019,0.919483507,52,8,0.754922128,10208.0,19,4,4,2,1.0
16900,0.32063997899999996,48,0,0.20305399,5500.0,5,1,0,0,2.0
2409,0.049761737,27,0,0.217188062,2780.0,7,0,0,0,0.0
68477,0.9999998999999999,47,1,535.0,,7,7,0,0,0.0
80426,1.4621513940000002,30,0,0.08095952,2000.0,3,1,0,0,0.0
43455,0.7354705779999999,46,1,0.42529046200000004,3700.0,6,0,1,0,2.0
58143,0.893106893,27,1,0.062812277,1400.0,1,0,0,1,0.0
32757,0.9644970409999999,55,0,0.202069385,6571.0,14,0,1,0,3.0
124315,0.8608405809999999,43,4,0.37139368,6550.0,10,1,0,4,0.0
46694,0.07739613,37,0,0.22583716899999998,6300.0,5,0,1,0,0.0
148794,0.9999998999999999,45,0,6514.0,,7,0,3,0,0.0
101329,0.9586394970000001,42,2,0.19877097600000002,4230.0,11,0,0,1,2.0
70476,0.28009477,27,0,0.162104261,4200.0,11,0,0,1,0.0
56836,1.017540782,54,4,0.588346837,5800.0,13,0,3,2,1.0
96992,1.032423939,40,0,0.558905281,4676.0,5,1,1,0,2.0
63251,0.430923537,36,0,4075.0,,19,0,2,0,0.0
42614,1.145712783,59,2,569.0,,9,0,0,0,1.0
86461,0.658843981,61,0,42.0,,6,1,0,0,0.0
90383,0.564434815,29,0,6303.0,,10,0,3,0,0.0
148234,1.027486257,56,2,3716.0,,7,0,1,1,0.0
79082,1.006797695,31,0,992.0,,7,0,0,0,0.0
5199,0.6981618829999999,53,0,0.295252474,5960.0,3,1,1,2,3.0
146152,0.9780073309999999,37,1,0.373320837,3200.0,8,1,0,0,0.0
147943,0.583708146,64,1,0.113644335,2850.0,6,0,0,0,0.0
103239,0.9999998999999999,37,0,0.0,4151.0,0,0,0,0,2.0
111347,0.9999998999999999,54,1,0.07209046599999999,6366.0,2,1,0,1,0.0
107902,0.9999998999999999,32,0,0.083029862,1372.0,2,2,0,1,0.0
87002,0.902262217,46,2,0.186440678,8200.0,6,0,0,0,1.0
71157,0.9999998999999999,36,4,0.913675602,2200.0,10,1,1,7,1.0
49527,0.613145876,38,0,0.279872785,2200.0,2,1,0,0,0.0
80889,0.9999998999999999,27,0,0.662674651,500.0,1,0,0,1,0.0
89478,0.48757002,37,2,0.095425629,3300.0,8,1,0,0,0.0
111361,0.381199688,71,0,1.09947839,2683.0,7,0,1,1,0.0
84490,0.018940492,89,1,0.593009119,3289.0,13,1,1,2,0.0
41963,0.786220687,35,1,0.37436318799999996,6084.0,11,1,1,1,3.0
133140,0.957921507,33,1,0.20835978800000002,9449.0,13,0,0,0,0.0
76189,0.43589235299999995,62,2,24466.0,,25,0,15,0,
127186,0.025192896,39,0,0.617676465,5000.0,8,0,2,0,2.0
63420,0.9999998999999999,36,0,0.031488395,6160.0,0,1,0,0,0.0
107476,0.935447015,31,0,1002.0,,7,0,1,0,1.0
123977,0.9440439979999999,37,4,0.14515457,12000.0,7,1,0,1,1.0
72467,0.320457562,45,0,0.294380375,15000.0,27,0,3,0,3.0
78876,0.528610354,33,1,0.20941487,4545.0,3,1,0,3,4.0
141025,0.7806267809999999,59,0,0.017641093,42400.0,6,0,1,0,3.0
16290,0.152292821,60,6,0.682263547,5000.0,23,0,2,0,0.0
20279,0.012240112,74,7,36.0,,17,0,0,0,0.0
20486,0.257595316,67,0,0.446258957,6000.0,18,0,1,0,1.0
97897,0.9997255759999999,53,1,0.036740815,4000.0,3,0,0,0,0.0
99358,0.8602419840000001,52,0,1.13398086,7000.0,18,0,4,0,1.0
34757,0.9999998999999999,45,0,0.00509704,5100.0,0,0,0,0,2.0
10437,0.462417982,43,0,1.416861046,3000.0,12,0,1,0,0.0
88728,0.813108598,30,0,0.30015552100000004,4500.0,11,0,0,0,0.0
118469,0.567795124,38,2,0.140647262,4912.0,5,0,0,0,3.0
67288,0.126516464,27,0,0.7700892859999999,3583.0,8,0,2,0,1.0
18412,0.9999998999999999,53,0,0.495528669,1900.0,3,2,1,0,0.0
131469,0.775381378,28,0,0.07283987,3390.0,2,0,0,0,4.0
109425,0.9999998999999999,48,0,0.166358025,3239.0,2,5,0,1,0.0
97079,0.998644986,45,4,0.051207023,5467.0,8,1,0,2,1.0
112033,0.509157111,55,1,0.423597679,2584.0,11,1,0,0,0.0
31879,0.9999998999999999,46,0,612.0,,1,1,0,0,0.0
19850,0.9999998999999999,46,1,1806.0,,1,1,1,0,0.0
134006,0.9999998999999999,21,0,307.0,,0,0,0,0,
139185,0.9270419459999999,58,1,0.444324454,8333.0,12,0,3,0,2.0
51870,0.915246167,50,2,0.460296097,5200.0,8,4,1,2,1.0
35377,0.984000696,43,2,0.782817997,5400.0,8,1,2,0,2.0
89801,0.429628236,50,0,1.036135871,4150.0,9,0,3,0,0.0
63313,0.9999998999999999,43,0,24.0,,0,2,0,0,0.0
33545,0.785581845,42,0,1.4578504890000001,4400.0,9,0,3,0,1.0
90877,0.8489325790000001,49,0,0.855093995,17500.0,18,0,12,0,3.0
100259,0.9999998999999999,67,0,0.12143928,2000.0,1,3,0,1,0.0
136027,0.941346501,31,0,0.324421389,2505.0,5,0,0,0,0.0
1,0.7661266090000001,45,2,0.8029821290000001,9120.0,13,0,6,0,2.0
129062,0.7977567170000001,42,0,0.500874781,4000.0,5,0,1,0,1.0
61520,0.0,51,0,6.0,,3,0,0,0,0.0
64215,0.776184268,36,1,0.594430561,2800.0,10,1,0,1,1.0
109761,0.9999998999999999,59,0,0.199088723,7900.0,2,2,1,0,3.0
76204,1.71257485,35,0,0.058776489,2500.0,1,1,0,0,0.0
111419,0.129144301,52,0,0.35316171,4000.0,7,0,1,0,0.0
21404,0.9999998999999999,48,2,0.40628347,2800.0,5,1,1,1,0.0
114486,0.00263144,39,0,1.4392210859999999,5083.0,5,0,2,0,0.0
76886,0.495252374,33,3,0.132759823,4300.0,3,1,0,0,0.0
38654,0.0,48,2,0.49770046,5000.0,4,3,2,1,0.0
147544,0.9999998999999999,41,3,0.185532289,6828.0,6,0,1,2,2.0
29821,0.01955643,52,0,4130.0,,23,0,2,0,0.0
130393,0.977551405,34,0,321.0,,2,2,0,1,0.0
13126,0.9999998999999999,42,1,1701.0,,3,3,1,1,0.0
116502,0.331968384,56,2,0.24433849800000002,7550.0,9,1,1,0,2.0
101265,0.682764363,46,0,1462.0,,5,1,1,0,0.0
147527,0.317241059,56,0,0.135793492,5500.0,11,0,0,0,1.0
103417,0.9999998999999999,53,0,0.898728753,7000.0,3,1,1,0,5.0
42642,0.9999998999999999,37,0,0.0,1738.0,3,0,0,0,0.0
14961,0.8420789609999999,55,0,1394.0,,4,0,0,1,0.0
57026,0.532149567,52,0,0.292379942,6600.0,8,0,1,0,0.0
93373,0.997392438,51,0,0.517897285,5782.0,7,1,1,0,0.0
53082,0.9695310640000001,24,0,139.0,,3,0,0,0,
129582,0.9482177690000001,57,0,0.827442192,9816.0,14,0,2,0,1.0
136316,0.9999998999999999,36,0,0.014963298,3541.0,0,1,0,0,3.0
7970,0.9750025,57,1,0.309327196,7386.0,3,0,1,0,0.0
109129,0.42080848200000004,42,0,0.275494335,4500.0,23,1,0,0,1.0
16415,0.9999998999999999,23,0,111.0,,1,2,0,1,0.0
19180,0.9999998999999999,21,98,0.0,1400.0,0,98,0,98,0.0
57112,0.886940471,39,3,0.053733208,3200.0,5,0,0,0,3.0
80629,0.389867939,74,0,0.21934758199999999,8000.0,12,0,0,0,0.0
83335,0.384795705,67,1,3834.0,,19,0,1,0,0.0
138276,1.016496243,48,2,3.274362819,666.0,4,0,1,0,3.0
54219,0.0,33,0,0.591363455,2500.0,9,0,1,0,0.0
72042,0.820907955,49,1,0.5842044129999999,1721.0,5,0,0,0,0.0
109695,1.073202332,43,3,0.39907563799999995,11250.0,10,1,1,1,3.0
123339,0.0,49,1,0.35608536799999996,5200.0,5,2,0,3,3.0
92443,0.0,44,0,0.590437377,23800.0,16,0,8,0,2.0
140116,0.405868554,45,1,0.50858509,4600.0,13,0,1,0,2.0
127081,0.9999998999999999,53,98,0.0,,0,98,0,98,0.0
142015,0.9999998999999999,27,1,0.38969118,4500.0,6,1,1,1,1.0
141546,1.053682896,35,2,0.146816804,2308.0,8,0,0,0,1.0
120352,0.722951803,29,1,0.353021354,2200.0,8,0,0,0,1.0
138620,0.7634470240000001,59,5,5733.0,,15,0,1,0,0.0
126954,1.334721066,39,1,0.091131998,2446.0,7,0,0,1,3.0
27873,0.874364775,40,0,0.34572248299999997,7667.0,6,0,1,0,2.0
99198,0.6441452879999999,53,0,2163.0,,7,0,1,0,
114461,0.021213528,72,1,1887.0,,8,1,1,2,0.0
17116,0.9999998999999999,32,2,0.638593381,3383.0,5,0,2,0,1.0
85890,0.280223993,29,0,0.598674965,4980.0,14,0,1,0,0.0
126956,0.9,62,6,0.37444320700000006,7183.0,9,0,1,0,0.0
143190,1.056250806,67,1,2562.0,,6,1,1,1,0.0
116045,1.824351297,48,0,0.009639414,2800.0,5,2,0,4,0.0
34245,0.06579342099999999,69,0,0.551149617,3000.0,12,3,1,0,0.0
66099,0.31941359399999997,26,1,0.006997667,3000.0,2,0,0,0,0.0
26583,0.939097507,36,0,0.363159348,3620.0,10,0,0,0,2.0
64084,1.0566477840000001,37,2,1.752579684,4360.0,10,1,4,1,0.0
16599,0.504523092,62,0,0.153018605,7900.0,4,0,0,0,0.0
56155,0.097462953,51,1,4601.0,,23,0,2,0,0.0
26755,0.63340754,67,0,0.675243301,7500.0,25,0,2,0,0.0
99956,0.9999998999999999,29,0,420.0,,1,1,0,0,0.0
146906,0.9765401229999999,48,0,0.624673127,6500.0,13,0,1,1,2.0
93274,0.9999998999999999,31,0,0.084741728,4200.0,5,0,0,0,0.0
93533,1.0439121759999999,50,0,0.083194676,600.0,2,0,0,0,0.0
87570,0.577753286,52,1,0.553194813,6400.0,10,0,1,1,0.0
42571,0.9999998999999999,52,0,0.0,4200.0,0,1,0,0,5.0
52189,0.149804563,37,2,2329.0,,17,0,1,0,0.0
61579,0.9312068790000001,44,2,0.84107946,2000.0,3,0,0,2,2.0
89626,0.698265087,52,0,0.321279787,6000.0,22,0,1,0,0.0
73287,1.026906645,46,1,0.744130042,4982.0,13,1,3,1,2.0
89516,0.7988966470000001,54,3,0.586834419,4450.0,12,0,2,0,0.0
4907,1.331797235,41,3,1099.0,,7,0,0,1,0.0
136191,0.5502998,51,0,109.0,0.0,3,0,0,0,0.0
69282,0.683305336,32,0,0.18376948,3400.0,3,0,0,0,0.0
75390,0.256327786,39,1,548.0,,5,0,0,0,0.0
79071,0.106560703,67,1,0.39822675,5300.0,15,2,2,0,0.0
100277,0.684075221,55,0,3825.0,,17,0,2,0,2.0
6085,0.17390230899999998,53,0,1.079730067,4000.0,10,0,2,0,2.0
8217,0.32554885699999997,49,0,0.480425979,6666.0,9,0,2,0,0.0
9901,0.0,76,0,34.0,,1,0,0,1,
147602,0.9999998999999999,44,2,0.42492179399999996,1917.0,2,1,1,0,1.0
100321,1.836327345,35,2,0.042281219,3050.0,3,1,0,0,4.0
44382,0.004188394000000001,73,0,0.328009663,7450.0,6,0,3,0,0.0
36041,0.275816123,37,1,0.131420639,2160.0,5,0,0,0,4.0
55136,0.0,57,0,0.344001842,4342.0,3,1,1,0,1.0
148972,0.9999998999999999,42,0,0.0,,0,1,0,0,
3215,1.019350677,45,5,0.504165014,10083.0,10,0,1,0,2.0
146630,0.9999998999999999,47,1,868.0,,2,2,0,0,0.0
57927,1.282392027,25,1,0.22109459899999998,2758.0,4,2,0,1,2.0
60712,0.059385875,56,2,1.098887659,17170.0,17,0,9,0,2.0
129506,0.210251472,51,1,0.784920752,6750.0,10,2,4,1,2.0
133953,0.8320101809999999,72,2,0.660350545,2110.0,11,1,0,0,0.0
13669,1.016997167,37,2,0.126845992,7583.0,5,2,1,2,3.0
108113,0.9999998999999999,38,0,0.202499362,3920.0,7,1,0,1,1.0
37628,0.653992755,52,0,0.44652491299999997,6301.0,9,0,1,0,3.0
135711,0.448305821,38,1,29.0,,4,2,0,0,0.0
49964,0.9999998999999999,35,0,0.044888798,4900.0,3,1,0,0,0.0
103903,0.47451313700000003,39,0,0.288894814,7500.0,7,0,1,0,3.0
94051,0.5476726160000001,57,0,0.337865941,6250.0,8,0,1,0,1.0
46921,0.442370466,50,0,0.346145301,4500.0,6,0,2,0,0.0
56752,0.458070639,58,1,0.40821256,3725.0,7,4,1,1,2.0
7105,0.904968271,48,1,0.497275595,3486.0,10,0,1,1,2.0
40244,0.305976358,69,2,0.569913773,8581.0,15,0,1,0,0.0
17360,0.6667208579999999,50,0,0.103035578,18381.0,10,0,1,1,1.0
148948,0.17169154,40,0,0.384676776,6264.0,4,0,1,0,0.0
147129,0.9999998999999999,37,98,0.00757815,3166.0,0,98,0,98,0.0
27068,0.9999998999999999,23,0,0.018838908,2600.0,2,0,0,2,2.0
96110,0.9999998999999999,61,0,0.113258186,3725.0,1,0,0,0,0.0
88275,0.982265266,29,0,0.137353963,9500.0,7,0,0,0,2.0
95821,0.62501335,65,4,0.565614208,12161.0,20,1,1,1,1.0
149785,0.685563177,50,0,0.324670132,2500.0,4,0,0,1,4.0
19878,0.29962190899999996,49,3,0.7777248929999999,2100.0,15,2,1,0,1.0
83981,1.0374395029999999,38,0,1097.0,,6,0,0,0,0.0
62921,0.32710280399999997,65,4,0.22595480899999998,5000.0,6,0,1,1,0.0
23127,0.9999998999999999,29,0,0.746198217,1906.0,6,0,1,0,1.0
20929,0.46032116799999995,43,1,0.502492154,10833.0,15,0,4,0,3.0
140583,0.8139400090000001,67,0,1932.0,,12,0,3,0,0.0
119975,0.751730621,48,5,0.308338332,1666.0,13,0,0,0,2.0
7034,1.060939061,39,2,0.5744404329999999,6924.0,6,3,4,2,0.0
56980,0.7810206140000001,58,5,1.4450307830000002,1136.0,5,0,1,2,3.0
89954,0.9999998999999999,43,98,0.0,,0,98,0,98,0.0
39162,0.6827273620000001,43,3,0.691102966,3000.0,8,2,2,0,1.0
102080,0.235950701,32,0,0.292376682,2229.0,9,0,0,0,0.0
52539,0.311377246,41,0,0.353858457,2500.0,3,0,0,0,4.0
35146,1.013589129,48,0,0.107101816,4350.0,7,0,0,0,0.0
12188,0.363520384,54,0,0.35503717,3900.0,6,0,1,0,0.0
109316,0.815758526,25,1,0.36927932700000005,1900.0,5,0,0,0,1.0
109604,0.9999998999999999,38,1,0.38682389100000003,3900.0,3,1,1,2,2.0
92278,0.8071729459999999,55,5,0.332384699,11946.0,14,0,3,0,1.0
147224,0.499030711,30,0,0.706407323,4369.0,4,0,1,0,0.0
5880,0.557826908,27,0,0.07685202299999999,5412.0,4,0,0,1,0.0
83110,0.9999998999999999,34,0,340.0,,1,3,0,1,6.0
124390,0.22049872399999998,60,2,0.384769205,6000.0,9,0,2,0,0.0
124441,0.9999998999999999,31,0,0.079128169,4220.0,2,0,0,0,1.0
143579,0.9999998999999999,49,1,1642.0,0.0,1,0,1,1,3.0
90306,0.886113886,49,2,1.636486486,1479.0,5,1,1,2,1.0
82045,1.052731576,50,0,0.431104593,15000.0,11,0,2,1,2.0
21037,0.709678487,53,0,0.810506312,7366.0,12,0,4,0,2.0
33363,0.7807943690000001,34,0,0.273354356,5073.0,11,0,1,0,0.0
64869,0.484653819,59,0,0.106695355,7900.0,4,0,0,0,1.0
142557,0.35555370399999997,38,0,0.506248959,6000.0,11,0,1,0,0.0
44082,0.034588857,50,0,880.0,,8,0,1,0,1.0
46161,0.0,43,0,0.338886245,2100.0,5,0,0,0,3.0
108912,0.981607357,48,0,0.42289039799999995,3092.0,8,0,1,0,0.0
34465,1.103585657,40,0,3654.0,,7,0,2,0,0.0
66393,0.9999998999999999,51,4,0.513948605,10000.0,13,0,3,1,3.0
24493,0.9999998999999999,44,0,0.466583385,1600.0,2,3,1,0,1.0
26687,0.032784395,54,0,0.55790247,10888.0,12,0,3,0,1.0
110965,0.0,42,0,5774.5,1.0,7,0,3,0,3.0
19281,0.8266431409999999,45,1,0.35462842200000005,2300.0,10,1,1,0,1.0
63394,1.190101237,34,0,0.424708171,5139.0,4,5,1,0,3.0
94254,0.626471121,71,0,0.416940054,3352.0,18,1,0,0,0.0
118817,0.9976674440000001,50,0,0.266369994,6291.0,9,5,0,2,2.0
12433,1.002666222,34,4,2684.0,,9,0,1,0,0.0
6303,0.772330346,66,1,0.667166417,2667.0,14,0,1,1,0.0
91914,1.314581791,54,0,0.018006065,5275.0,3,0,0,0,0.0
17150,0.9999998999999999,34,0,0.177764447,5000.0,2,0,0,0,4.0
148195,0.509778327,43,0,0.318693779,13228.0,7,0,2,0,2.0
55225,0.9467113629999999,52,0,0.169779287,5300.0,5,0,0,0,1.0
81529,0.829628412,49,0,0.6723435759999999,2700.0,18,0,0,0,0.0
52771,0.9999998999999999,56,1,0.176040495,5333.0,3,3,1,3,1.0
51710,0.9981819829999999,37,5,0.16970802899999998,3287.0,4,1,0,2,0.0
66828,0.943854792,46,1,0.549358342,4051.0,6,0,0,0,3.0
124749,1.14803248,28,1,0.945775536,1585.0,4,0,1,0,0.0
66671,0.395377889,47,0,0.16951934300000002,4264.0,10,0,1,0,1.0
69769,1.003646973,36,3,0.17938826100000002,3628.0,5,0,0,2,0.0
10033,1.15942029,36,0,0.013664388999999999,6000.0,1,2,0,0,1.0
21411,0.0,36,1,799.0,,6,1,0,0,0.0
62771,0.745925407,60,0,0.176672384,5246.0,9,2,1,0,0.0
11363,0.9999998999999999,27,98,0.0,,0,98,0,98,0.0
39595,0.18820801399999998,33,0,0.46218092,8500.0,10,0,2,0,0.0
40347,0.505797156,54,1,0.391555556,4499.0,8,0,0,0,1.0
131445,0.908997811,45,0,1.4195160969999998,5000.0,13,0,3,0,1.0
10826,0.8774028190000001,67,3,1.4101404430000002,4200.0,12,4,3,1,0.0
139749,0.838923929,61,2,0.69924357,6609.0,10,0,2,1,1.0
45740,0.880597015,35,3,0.87534153,8783.0,11,1,4,2,2.0
41856,0.36380681200000003,29,1,0.42614346399999997,4000.0,10,0,0,1,0.0
33186,1.111438873,50,1,2716.0,,7,0,1,0,
61063,0.8672369740000001,38,2,0.162799472,5300.0,8,0,0,0,0.0
54579,0.378282844,68,2,0.592924891,7801.0,18,0,4,0,0.0
23995,1.156146179,44,1,0.104741954,5250.0,4,2,0,1,0.0
50169,0.002099619,43,0,0.746875521,6000.0,19,0,2,0,0.0
91140,0.855642925,78,0,0.7010764559999999,3622.0,9,1,1,0,0.0
58576,2.079734219,28,0,0.364392679,3004.0,1,3,1,0,0.0
122314,1.014969718,41,0,0.739704118,2500.0,10,0,1,0,0.0
40501,0.271818787,25,1,0.011994003,2000.0,1,1,0,1,0.0
136016,0.219554611,47,1,0.18560179999999998,8000.0,3,0,1,0,2.0
34984,0.794027886,55,2,0.34157546299999997,7400.0,11,3,1,1,2.0
60220,0.994738227,37,1,0.23543280600000002,5937.0,11,0,0,0,2.0
137301,0.273151492,51,0,0.016456203,17500.0,7,0,0,0,1.0
68662,0.756558002,39,2,0.505749425,10000.0,7,1,2,0,6.0
20757,0.9044222540000001,24,1,0.39588688899999996,2333.0,6,1,0,0,0.0
29958,0.184182787,35,0,0.121567582,3750.0,7,0,0,0,0.0
45452,0.100023225,39,0,3757.0,,12,0,2,0,0.0
127720,1.984732824,42,1,0.10453648900000001,6083.0,2,1,0,1,4.0
23210,0.907156121,26,0,0.254204709,2080.0,5,0,0,0,1.0
46184,0.40159973299999996,60,1,0.36116470799999995,5700.0,5,0,0,3,0.0
22256,1.035464302,57,5,0.71487029,12951.0,5,7,3,1,2.0
22746,0.9999998999999999,54,1,521.0,,1,0,0,0,0.0
105062,0.914228576,42,1,0.27122678899999997,6300.0,9,0,2,0,0.0
76276,0.788997575,50,0,0.496501166,3000.0,23,0,0,0,2.0
24432,0.23237216800000002,40,2,0.344280043,11083.0,15,0,2,0,2.0
133567,0.934374143,67,1,0.735373473,14083.0,22,0,2,0,1.0
70667,0.21590121,78,1,0.393535488,3000.0,9,0,1,0,0.0
41351,0.8335783590000001,52,0,0.083824821,7968.0,6,0,0,0,1.0
60359,0.9999998999999999,49,0,0.0,7500.0,2,0,0,0,1.0
16043,0.828398431,54,0,1096.0,,5,0,0,0,1.0
135376,0.0,52,1,0.40688633799999996,2700.0,10,4,2,1,0.0
90348,0.272942745,65,0,0.712990937,5295.0,6,3,1,1,0.0
4765,0.491589318,75,1,0.9399739020000001,4597.0,16,0,1,0,0.0
135294,0.878940155,52,0,0.595330739,8223.0,21,0,1,0,0.0
21225,0.8581309109999999,77,6,0.314021255,2916.0,21,1,0,1,0.0
143770,0.822942643,34,1,0.36261058,11077.0,12,12,3,5,0.0
27346,1.065754866,53,2,0.19724044300000002,8841.0,13,0,1,0,2.0
146085,0.9993007970000001,56,4,0.173376275,3725.0,7,1,0,4,0.0
2106,0.7186937520000001,54,1,0.626305265,4500.0,11,0,1,1,0.0
5653,0.546382979,30,0,0.8298944340000001,4167.0,6,0,2,0,2.0
17175,0.968274663,31,0,0.145906228,2857.0,2,0,0,0,0.0
56301,0.811493833,51,2,3.709313888,3016.0,26,0,4,0,0.0
105843,1.070673787,45,0,0.558319871,3094.0,6,0,0,0,0.0
74111,1.0191626740000002,30,1,0.336850875,3600.0,4,0,0,0,0.0
40011,0.10256188599999999,73,0,2337.0,,9,0,1,0,2.0
27315,0.9999998999999999,33,0,0.331261101,1125.0,1,0,0,0,1.0
61102,0.964603399,51,1,586.0,,10,0,0,0,
144789,0.9999998999999999,54,0,437.0,,2,1,0,0,1.0
74767,0.9999998999999999,44,2,0.500166611,3000.0,3,1,1,2,3.0
112774,1.189054726,28,0,0.075305728,4660.0,2,2,0,0,2.0
44092,0.230358092,62,1,1.916779738,2210.0,16,1,2,0,0.0
121037,1.2110609479999999,40,2,0.605674291,8000.0,6,1,1,1,3.0
123861,0.17841958,48,0,0.543237666,5330.0,28,0,1,0,0.0
131989,0.889311069,57,0,0.273562537,6747.0,5,1,1,0,1.0
59890,1.0964517740000002,39,4,0.922707798,5834.0,7,0,1,0,1.0
93371,1.1977329970000001,38,2,0.22242217,5556.0,4,1,0,0,0.0
135778,0.9999998999999999,33,1,0.10756148,4350.0,1,0,0,0,2.0
17547,2.0498338869999997,63,1,0.10607169,5467.0,2,2,0,0,0.0
90116,0.780719185,55,0,1.076237319,3252.0,11,0,1,0,0.0
145633,0.938026549,41,1,0.614992282,14900.0,20,0,10,0,1.0
102890,0.01687466,56,0,0.009996002,2500.0,15,0,0,0,0.0
135006,0.910363487,28,0,0.499451497,6380.0,8,0,2,0,0.0
90554,0.9999998999999999,32,0,449.0,,3,2,0,0,0.0
142204,0.8926110359999999,50,6,2487.0,,14,0,2,4,0.0
15800,1.4463276840000001,45,1,0.423547664,5800.0,12,2,2,2,0.0
15952,0.9999998999999999,37,0,0.193650529,12000.0,1,3,0,1,2.0
16727,0.9999998999999999,28,0,0.01489573,3020.0,1,0,0,0,2.0
145841,0.9999998999999999,46,2,0.373608431,6736.0,3,0,1,0,0.0
114438,0.081148564,28,0,0.23658780399999998,3000.0,5,0,0,0,1.0
84235,0.9999998999999999,33,1,0.583637692,2737.0,4,2,1,1,2.0
30700,0.556387748,35,0,0.328483085,2748.0,6,0,0,0,0.0
76858,0.871934605,38,0,571.0,,6,1,1,0,0.0
116457,0.980245508,40,1,0.509889155,4600.0,7,0,1,0,3.0
33166,0.9999998999999999,22,98,0.0,0.0,0,98,0,98,0.0
22887,0.797666788,28,0,0.287599602,4015.0,6,0,0,0,0.0
135251,0.49616709299999995,28,0,0.394295302,2383.0,8,0,0,1,1.0
31345,0.0,53,0,0.342614076,9050.0,15,0,4,0,1.0
28316,0.9999998999999999,35,0,101.0,,1,1,0,0,3.0
40747,0.7144139140000001,54,3,1726.0,,5,0,0,3,0.0
145766,0.509674906,36,0,0.359234395,7000.0,9,0,1,0,2.0
91066,0.115538948,56,0,0.200159968,5000.0,9,0,1,0,0.0
99562,0.49530094,54,0,0.13698043099999999,7000.0,9,0,0,0,0.0
105166,0.9282774840000001,54,2,0.418060875,4960.0,6,0,1,0,2.0
149369,1.020238402,39,0,4208.0,,8,0,2,3,0.0
52781,0.442424781,57,0,0.156241155,3532.0,7,0,0,0,0.0
102565,0.143523661,37,0,0.19009584699999998,1877.0,2,0,0,1,0.0
103048,0.7784431140000001,21,0,0.010989011000000002,1000.0,1,0,0,0,0.0
75790,1.0618858820000001,45,1,0.069030555,2650.0,2,1,0,0,3.0
32765,1.194023292,49,2,0.473293345,3500.0,3,3,1,1,3.0
105652,0.9999998999999999,31,0,101.0,,2,0,0,0,0.0
22350,0.871407594,49,5,0.19879097899999998,4300.0,10,0,0,0,4.0
77106,0.9033953109999999,47,6,0.85553379,4083.0,8,5,2,1,1.0
123318,0.39820162600000003,60,0,0.36102999700000005,7533.0,10,0,1,0,2.0
17096,0.707533235,56,0,0.280726606,12000.0,6,0,1,0,3.0
95100,0.9746812220000001,39,1,4340.0,,12,0,3,0,0.0
42118,0.17318805899999998,57,0,4056.0,,11,0,1,0,0.0
86536,0.627329902,61,4,1.962979222,6833.0,20,1,7,0,0.0
80234,0.618845629,35,2,6197.0,,9,0,3,0,0.0
117289,0.9999998999999999,29,0,0.0,,0,0,0,1,0.0
17365,0.270755895,48,0,0.322512077,5174.0,10,0,1,0,1.0
45569,0.9999998999999999,30,2,0.220915842,1615.0,3,1,0,0,1.0
93796,0.954351795,57,0,0.39525691700000004,4300.0,11,0,0,0,0.0
56078,0.933846215,60,1,2.385784048,1842.0,24,0,2,0,0.0
68609,0.11541473699999999,50,2,0.758413862,3000.0,17,0,0,0,0.0
61073,0.538577474,59,0,0.39113117399999997,3765.0,8,0,2,0,3.0
4860,0.565974846,61,0,0.682341416,8165.0,10,1,3,0,1.0
78281,0.9999998999999999,29,0,0.286576169,1325.0,1,1,0,0,0.0
53545,0.807236367,40,5,3431.0,,6,0,1,0,1.0
35063,0.9999998999999999,45,0,0.347033992,4500.0,3,1,1,1,1.0
7118,0.9999998999999999,25,98,21.0,,0,98,0,98,
91807,0.074438202,61,0,0.306088865,14583.0,12,0,4,0,0.0
148262,0.025301651,39,0,0.28517429699999997,50000.0,15,0,5,0,2.0
87684,0.9999998999999999,37,0,245.0,,1,0,0,1,0.0
115048,0.9999998999999999,27,1,0.180546302,1500.0,1,0,0,0,0.0
102651,0.8881199540000001,43,0,0.157022548,3680.0,5,0,0,0,2.0
8399,0.026069485,70,0,2673.0,,11,0,2,0,0.0
857,0.778719498,81,0,0.53801306,4287.0,11,0,2,0,0.0
139163,0.973005399,42,2,0.22494840600000002,4360.0,7,0,0,3,2.0
142978,0.388404838,35,0,0.312152408,8450.0,8,0,2,0,3.0
84969,0.959831608,48,0,1398.0,,7,0,1,0,0.0
13975,1.03379662,60,1,2.646128226,1200.0,5,1,3,2,2.0
41682,0.9487451159999999,41,1,0.9273347959999999,4100.0,13,1,1,2,2.0
98872,1.00419916,45,0,0.682747643,8166.0,6,0,1,0,4.0
58164,0.703697826,57,1,0.095380924,3333.0,3,0,0,0,0.0
22820,1.0033222590000002,46,0,0.003213138,2800.0,1,0,0,0,0.0
53670,0.9999998999999999,60,2,0.46271929799999995,2735.0,3,0,1,0,3.0
46463,1.071928072,40,1,0.336120705,5500.0,6,0,0,3,2.0
49816,0.134569124,72,1,7788.0,,13,0,7,0,0.0
82554,0.9999998999999999,58,0,0.617514488,1552.0,6,0,1,0,0.0
22458,0.9999998999999999,63,0,0.12337733199999999,9166.0,4,1,1,0,0.0
89950,0.207560257,46,0,0.257626095,3310.0,3,1,0,0,3.0
81339,0.791695743,60,1,0.047995483,7083.0,3,0,0,0,0.0
27478,0.40919885,32,3,0.280241935,2479.0,7,1,0,1,1.0
98723,0.070651144,58,0,0.35995702,5583.0,7,0,1,0,0.0
46868,0.5551470589999999,41,1,0.142411966,3208.0,3,1,0,0,2.0
3462,0.7457389329999999,63,3,0.72425829,4583.0,11,0,1,0,0.0
122635,0.41545281799999995,45,2,0.23323811100000003,5950.0,6,1,1,0,1.0
146254,0.9999998999999999,28,98,0.0,1664.0,0,98,0,98,0.0
67078,0.9020565840000001,50,1,0.426095651,6000.0,17,1,1,2,2.0
48953,0.9999998999999999,44,0,0.007756505,10184.0,0,0,0,0,2.0
39172,0.980939753,52,3,0.589016185,5498.0,15,2,1,0,0.0
54679,0.46680856200000004,47,0,0.607378524,6667.0,10,0,1,0,1.0
35796,1.065379441,83,2,0.458391017,6500.0,10,1,0,3,0.0
115733,0.396180542,82,1,0.40874036,3500.0,5,0,0,1,0.0
96338,1.153692615,32,2,0.17223650399999998,2333.0,4,0,0,0,1.0
99536,1.010663112,36,5,0.314035818,2400.0,5,2,0,1,2.0
196,0.025892468999999998,38,0,74.5,1.0,13,0,0,0,2.0
141674,0.14184017,45,2,0.42859952799999995,5083.0,25,0,2,1,2.0
85571,0.474979527,44,1,0.432684443,6112.0,17,0,1,0,0.0
71279,0.079359691,74,0,0.29333838,5283.0,18,0,2,1,0.0
75871,0.004289295,28,0,0.003633061,1100.0,5,0,0,0,0.0
29772,0.471885029,51,0,1788.0,,8,6,2,0,3.0
131915,1.011191047,29,0,481.0,,4,1,0,0,3.0
133363,0.862134993,56,2,1.011595362,2500.0,8,3,1,1,2.0
12177,1.007713184,43,0,0.235135135,3699.0,6,0,1,0,0.0
81419,0.5039301310000001,30,0,0.17461055600000003,4300.0,4,0,0,0,2.0
101028,0.44246554899999996,62,0,0.285027918,7700.0,11,0,1,0,1.0
124999,1.153692615,62,1,448.0,,2,1,0,0,0.0
30736,0.868156116,24,1,963.0,,8,0,0,0,0.0
12753,1.011997001,39,0,0.10019267800000001,7784.0,3,2,0,0,3.0
17186,0.84717608,23,1,0.003997716,1750.0,1,0,0,0,0.0
92767,0.270273021,47,0,0.7938596490000001,2735.0,15,0,2,0,3.0
83881,0.347287516,54,1,0.260570305,3050.0,5,0,1,0,0.0
17069,0.0054241540000000005,46,0,0.014376996999999999,625.0,5,0,0,0,1.0
134264,1.0313572359999998,30,0,685.0,,7,0,0,0,0.0
120580,1.03419253,34,1,0.731139793,5500.0,14,1,1,4,1.0
138266,0.9999998999999999,61,2,1290.0,,3,1,1,2,6.0
47287,0.146828765,63,0,0.578029996,2466.0,19,0,1,0,0.0
142866,0.400676583,43,4,1.582256675,1160.0,14,0,0,1,1.0
116140,0.03851144,43,1,0.07093319599999999,31000.0,9,0,1,1,1.0
97090,1.149501661,49,1,0.208391365,5743.0,6,0,1,2,2.0
135899,0.9999998999999999,55,3,0.581284496,3985.0,3,1,2,3,0.0
138318,1.032322559,72,3,0.303242886,7554.0,4,2,1,0,0.0
113886,0.9786950729999999,27,2,0.3885,1999.0,5,3,0,1,0.0
99192,0.937800815,44,2,0.969653695,2800.0,10,0,1,0,0.0
47133,0.9999998999999999,58,98,0.0,2500.0,0,98,0,98,0.0
42446,0.9999998999999999,28,0,0.0,900.0,0,0,0,0,3.0
51678,1.053814311,61,3,0.48290804,6230.0,12,2,2,1,0.0
43949,0.950345973,60,6,0.7329208559999999,3878.0,12,4,0,3,0.0
86686,0.9999998999999999,48,1,0.28831121600000004,5500.0,2,2,1,1,0.0
129529,0.145073324,44,1,0.685263563,5197.0,8,0,2,2,3.0
70551,0.515013189,42,0,3.4079437319999997,2416.0,19,0,6,0,0.0
92639,0.9914712529999999,59,2,0.274056416,12584.0,14,0,1,1,0.0
106187,0.9999998999999999,58,2,0.725818545,4000.0,8,2,1,0,2.0
14805,0.37763749700000004,31,1,1.378232387,8700.0,13,0,6,4,2.0
17404,0.7551224390000001,46,4,0.648972914,5500.0,7,4,1,1,0.0
33760,0.169393116,67,2,1.802146211,1490.0,13,0,2,0,0.0
122280,0.133605059,55,0,0.173091511,14500.0,15,0,2,0,0.0
113924,0.091130531,33,0,0.512090038,11372.0,12,0,6,0,0.0
10457,0.0,67,0,0.275995575,1807.0,7,0,0,0,0.0
74467,0.737141429,57,1,0.270938396,10112.0,5,0,1,0,2.0
48642,0.9999998999999999,27,0,0.035688793999999996,1400.0,5,1,0,1,1.0
36733,0.62871442,46,0,0.96383936,6000.0,15,0,2,0,0.0
122110,0.9165504790000001,52,3,0.803691598,5200.0,17,0,2,1,0.0
50419,0.9999998999999999,32,1,0.858190302,6000.0,6,0,2,0,3.0
26119,0.9999998999999999,39,0,0.7139752229999999,4600.0,7,0,2,0,2.0
106075,1.044711014,33,1,0.773572965,7900.0,7,0,1,0,3.0
10881,0.12476056699999999,28,0,0.8415417559999999,1400.0,6,0,0,0,0.0
104875,0.684144819,38,0,0.452499046,2620.0,3,0,1,0,2.0
117702,0.57753097,53,1,0.887293765,4666.0,30,5,1,0,1.0
117654,1.04494382,61,0,25.0,,1,0,0,0,0.0
56830,0.49090182,63,0,0.520773162,4500.0,12,0,0,0,0.0
55346,0.819523465,43,0,2.179937952,966.0,10,0,1,0,2.0
25327,0.371099105,46,2,3989.0,,7,0,2,0,0.0
19409,0.9999998999999999,51,0,0.44143723799999995,15000.0,5,0,2,0,2.0
139881,0.9999998999999999,40,1,0.080373269,6643.0,1,1,0,1,2.0
72245,0.05653972,84,0,0.577059121,1978.0,9,0,1,0,0.0
39650,0.060656144,52,0,0.378448054,3878.0,8,1,1,1,3.0
105701,0.061987342,65,1,0.63668272,12250.0,24,0,13,0,1.0
22261,0.9999998999999999,39,0,0.200724419,3312.0,3,1,0,0,1.0
76355,0.775317812,42,2,0.43341489,5721.0,7,3,2,0,2.0
140026,1.161118509,52,4,0.581637072,2308.0,7,2,1,1,3.0
24146,0.0,47,0,0.0,,1,0,0,0,0.0
132358,0.342119615,26,0,0.7769318609999999,2626.0,8,0,1,0,0.0
89256,0.9999998999999999,45,2,0.324523098,4350.0,6,0,0,2,3.0
97473,0.736699092,75,2,0.09205911800000001,7983.0,10,0,0,0,1.0
44074,0.801999048,63,1,2084.0,,7,0,1,0,0.0
130297,0.994300142,47,0,0.10207050000000001,11687.0,2,0,0,0,0.0
103681,1.046869141,71,0,751.0,,3,0,0,0,0.0
120216,0.98003992,34,0,431.0,,4,2,0,2,
39054,0.296703297,32,2,0.262315943,5500.0,10,1,0,0,2.0
51938,1.019490255,54,0,0.025743564,4000.0,5,1,0,1,2.0
132267,0.283079658,65,1,0.7451102140000001,3220.0,2,2,1,1,3.0
77227,0.327787022,38,0,0.531893621,5000.0,6,0,1,1,4.0
38562,0.450868765,51,0,0.182188015,27284.0,9,1,2,0,1.0
47034,1.00979392,64,1,0.04354265400000001,3375.0,3,0,0,0,0.0
90083,0.9999998999999999,28,0,0.026567632999999997,7000.0,5,0,0,0,2.0
105597,0.9999998999999999,51,0,0.255498778,4500.0,2,0,1,0,1.0
129788,1.3662597109999999,36,1,0.112067279,5112.0,3,2,0,0,0.0
114109,0.589174118,54,4,0.35391152200000003,4000.0,8,1,0,1,0.0
80327,0.6893036859999999,46,2,0.565531129,5958.0,9,0,1,0,1.0
137865,0.977845053,44,0,1.058297347,3241.0,7,1,1,1,4.0
27567,0.9781857840000001,36,0,0.464958553,2653.0,5,0,0,1,1.0
75742,0.24750499,29,0,0.318723568,2600.0,7,0,0,0,3.0
20365,1.019492026,36,1,0.279520502,8925.0,4,1,1,1,0.0
35799,0.15661351,60,4,0.134643307,10330.0,9,0,1,0,0.0
35067,0.9999998999999999,55,0,41.0,,0,0,0,0,1.0
108317,0.329156584,38,3,1.8114918009999998,7500.0,27,0,10,0,2.0
73697,0.584841516,46,0,0.664167916,2000.0,3,0,0,0,1.0
51205,1.074641786,29,2,0.122696289,3960.0,8,0,0,1,0.0
98380,0.9999998999999999,57,0,0.0,5500.0,0,0,0,0,0.0
37314,0.5980755,29,1,0.147327249,2300.0,5,1,0,0,2.0
89458,1.015138532,46,0,0.222066058,2845.0,3,0,0,0,2.0
83125,1.1916167659999999,62,3,0.182461987,4800.0,6,3,0,1,0.0
3293,0.047060392,63,0,0.728098873,2750.0,4,0,1,0,0.0
76691,0.768718802,64,2,0.53626029,2550.0,5,1,2,1,0.0
26525,0.779388084,64,3,490.0,,7,2,0,1,2.0
48027,0.23282518300000002,48,0,0.572517078,3805.0,9,3,1,3,0.0
56430,0.937856455,52,2,0.709525132,3600.0,10,0,2,2,0.0
130611,0.165682403,57,0,0.30122202800000003,6300.0,18,0,2,0,2.0
123484,0.938707528,28,0,0.019886364,4223.0,2,1,0,1,3.0
39220,0.314337659,56,0,0.063179916,2389.0,8,0,0,0,1.0
23709,0.986554622,42,0,1804.0,,4,1,1,1,0.0
126788,1.171016102,46,3,0.285428643,4000.0,3,0,1,3,7.0
52641,0.139256255,53,1,0.039461405,7500.0,14,2,0,0,0.0
17521,0.624175946,54,0,0.568947368,5699.0,10,0,4,0,0.0
128644,0.007748063,59,0,1566.0,,7,1,2,0,2.0
105862,0.9999998999999999,36,0,0.20383693,1250.0,1,0,0,0,0.0
110925,0.514925787,46,4,0.44699021,4800.0,9,0,1,1,2.0
100750,0.191577578,29,0,0.5219769089999999,4936.0,9,0,2,0,2.0
115382,1.233397217,56,2,0.6768347929999999,9932.0,10,0,4,0,2.0
75703,0.965058236,48,0,0.12237252900000001,4804.0,3,0,0,0,2.0
74459,0.9999998999999999,47,3,0.16874893,5842.0,3,1,0,3,2.0
97638,0.962962963,25,1,0.008603574000000001,1510.0,2,2,0,0,2.0
140629,0.49592975100000003,43,2,1.1361147329999999,3834.0,17,0,2,0,2.0
92467,0.480249139,30,5,0.44939577,2647.0,14,0,1,0,0.0
33947,0.598748883,56,3,0.524658217,18066.0,12,2,2,0,1.0
78356,0.9999998999999999,30,98,0.0,,0,98,0,98,0.0
13952,0.202411846,36,1,1.169201878,5324.0,19,0,2,0,1.0
79432,0.9999998999999999,57,1,0.038568257,3603.0,3,0,0,0,1.0
101803,0.350230415,41,0,0.43659007200000005,5700.0,10,0,2,0,1.0
108572,0.18838279600000002,44,0,0.012495537,2800.0,1,0,0,0,0.0
57638,0.686711565,65,0,2609.0,,20,0,2,0,0.0
92822,0.9999998999999999,64,1,2227.0,,10,1,1,1,
92266,0.881076071,28,0,0.26195634100000004,6000.0,12,0,0,2,0.0
137772,0.6847554709999999,83,1,1494.0,,26,0,0,1,0.0
83359,1.02055968,55,1,0.339822158,4160.0,5,0,1,1,0.0
98193,1.026504329,37,4,0.6298518,5667.0,10,0,1,1,1.0
106592,0.62037962,25,1,0.16191904,2000.0,2,0,0,1,4.0
104369,0.913362213,47,0,0.01975128,4100.0,2,1,0,0,0.0
66615,0.9999998999999999,29,0,721.0,,5,0,0,1,0.0
7216,0.9999998999999999,38,2,882.0,,3,1,0,0,0.0
102609,0.9920015999999999,78,0,0.5095172410000001,3624.0,10,1,1,0,1.0
96200,0.8132499879999999,43,1,0.558669964,10916.0,17,0,3,0,4.0
62195,0.549382386,29,1,0.37004499700000004,14000.0,12,1,1,0,0.0
66368,0.579710145,45,0,0.458382181,14500.0,6,0,1,0,0.0
104358,0.259718167,41,0,0.425661914,5400.0,11,0,1,0,1.0
82176,0.054052552999999996,58,0,0.251961237,2166.0,4,0,0,0,0.0
35708,0.548682969,62,0,0.574062165,4664.0,12,0,2,0,0.0
88949,0.9253909920000001,44,2,0.627946703,5853.0,15,0,3,0,2.0
126494,0.379509835,38,2,0.22865208199999998,2833.0,10,0,0,0,0.0
81571,0.830867653,41,1,0.250183321,15000.0,14,1,1,1,0.0
92402,0.224289651,54,1,0.08676251900000001,4033.0,6,0,0,1,1.0
97308,0.572218221,51,0,0.658987281,4166.0,6,0,1,0,2.0
31477,0.9999998999999999,31,1,0.434688111,4600.0,3,0,2,3,2.0
98277,0.0,24,1,0.0,1600.0,2,0,0,0,0.0
148606,0.9999998999999999,49,0,0.017394391000000002,2816.0,2,0,0,0,2.0
9356,0.34818403700000006,49,1,0.481461507,7416.0,13,1,1,0,1.0
70743,1.115463635,31,1,0.854715095,3000.0,6,1,1,2,0.0
15312,0.0025673939999999998,59,2,0.000768935,2600.0,5,1,0,0,0.0
122921,0.9678511000000001,62,2,1538.0,,4,1,0,0,0.0
132296,0.6911913120000001,44,0,0.72510332,7500.0,20,0,4,0,5.0
56300,0.938053817,49,5,0.36385806600000004,8200.0,9,2,2,0,1.0
87971,0.964553511,30,1,753.0,,6,0,0,1,0.0
89089,0.9714006829999999,45,3,0.747402078,1250.0,15,0,1,0,0.0
97210,0.9999998999999999,57,98,0.022840119,3020.0,0,98,0,98,0.0
73803,0.9002217290000001,46,0,636.0,,3,0,0,0,0.0
132099,0.842768478,73,2,0.666940654,6082.0,19,2,6,1,0.0
12678,0.9999998999999999,37,0,412.0,,1,1,0,0,
57750,0.656673296,49,1,3406.0,,15,0,1,0,0.0
130226,0.296209078,53,0,0.438146463,4833.0,15,0,2,0,1.0
112767,0.820388662,49,0,0.444985819,13750.0,14,0,2,0,2.0
23977,0.97420187,37,2,0.124652816,9000.0,8,2,1,2,2.0
76240,1.0099966679999999,29,3,0.9170103740000001,8000.0,7,0,1,1,0.0
133508,1.023395321,48,1,6456.0,,7,0,3,0,
126071,0.301813252,30,1,0.533119086,5600.0,11,0,1,0,3.0
75003,0.08145927,44,0,4.0,,1,0,0,0,0.0
99461,0.9853444729999999,35,5,0.17808458600000002,5721.0,5,1,0,1,7.0
82524,0.9999998999999999,62,0,0.287512195,10249.0,2,0,1,0,0.0
77721,0.6095795039999999,57,0,0.528693077,2700.0,8,0,0,0,0.0
12538,0.9767441859999999,63,1,209.0,,2,0,0,1,
110280,0.9800018690000001,28,0,0.161900757,2377.0,4,0,0,1,2.0
92352,1.4023145000000001,46,2,0.27795723699999997,6500.0,8,2,0,0,1.0
115202,0.386323752,73,0,0.660925102,5166.0,17,2,2,0,0.0
124585,0.115861779,31,0,1594.0,,6,0,1,0,2.0
106923,0.6105599,45,1,0.289816815,12500.0,10,0,1,0,4.0
132391,1.017329256,41,0,0.560799556,1800.0,15,0,1,1,0.0
28120,0.176183485,53,0,0.934536638,3711.0,10,0,2,0,2.0
105977,1.698433855,43,1,0.479265092,1904.0,6,0,1,0,0.0
125873,0.972579263,63,0,0.021824189,11500.0,1,2,0,0,1.0
20631,0.015265649,61,0,629.0,,6,0,0,0,0.0
51686,0.916900968,48,2,0.524455552,2800.0,5,3,1,1,2.0
73626,0.9999998999999999,43,0,0.173076923,3691.0,1,5,0,1,0.0
13660,0.949620152,50,0,0.391316767,3500.0,6,0,0,0,1.0
47467,0.913528954,36,1,0.6926342990000001,5416.0,11,0,2,0,3.0
93141,0.9999998999999999,48,0,0.004310345,2783.0,0,0,0,0,1.0
67909,0.9999998999999999,43,2,0.058418761,7120.0,0,3,0,0,2.0
149393,0.88372093,27,0,0.012497916999999999,6000.0,4,0,0,0,0.0
19186,0.854291417,80,0,0.33155792300000003,750.0,3,0,0,0,0.0
20453,0.0016945679999999998,63,2,0.735754748,3000.0,18,0,1,0,0.0
120511,1.014197161,48,1,0.545059718,3683.0,7,0,1,0,4.0
68879,0.542861826,33,0,585.0,,5,0,0,0,0.0
6684,1.215406562,55,1,0.017041581,4400.0,2,1,0,0,1.0
30987,0.9999998999999999,44,0,0.019223376,2600.0,2,0,0,0,3.0
147556,1.002920225,52,0,0.264631043,2750.0,6,0,0,0,0.0
3352,0.563819824,39,3,0.181116983,7000.0,15,1,0,1,2.0
113192,1.048625312,39,4,0.226548673,5084.0,5,2,0,1,4.0
116084,0.708963219,48,1,0.20811312699999998,7000.0,6,2,0,2,0.0
15738,0.7012613,53,1,8464.0,,15,0,5,0,0.0
121691,0.486098094,50,0,0.580806398,3000.0,9,0,1,0,1.0
104936,0.44372956700000005,52,0,0.211804608,25650.0,10,0,1,0,4.0
19467,0.34706665,46,0,0.25394921,5000.0,8,0,0,0,0.0
140840,0.044764530999999996,49,0,0.334558261,6530.0,8,0,1,0,2.0
61059,0.618129534,67,2,0.74355659,11600.0,10,0,3,0,1.0
112770,0.774228577,35,0,0.45388816200000004,13000.0,11,0,4,0,1.0
65256,0.948207171,27,0,0.005828476,1200.0,1,0,0,0,0.0
96710,1.3860170059999999,38,0,0.6720751490000001,1170.0,6,0,0,2,2.0
29269,0.9999998999999999,40,0,0.0,,0,0,0,0,0.0
11873,0.9408410009999999,60,0,0.602279544,5000.0,17,0,1,0,1.0
49591,0.8012657059999999,52,2,1.167817186,4200.0,18,2,2,2,1.0
66243,0.406999557,56,8,0.373439274,6166.0,17,1,1,0,0.0
13403,1.043620502,32,1,0.025320846,5765.0,3,0,0,0,1.0
11986,1.020368966,53,2,0.681663667,5000.0,9,8,2,4,4.0
149746,0.9999998999999999,51,0,668.0,,1,0,1,0,0.0
25617,0.9999998999999999,25,1,0.065524625,2334.0,0,0,0,0,0.0
69348,0.023998546000000003,62,0,0.429378531,2300.0,8,0,1,0,0.0
20062,0.6747573570000001,53,0,2.1623277180000002,3264.0,21,0,4,0,0.0
137217,0.08660892699999999,26,0,3.0,,1,0,0,0,1.0
115727,0.77909288,46,0,0.98987276,3850.0,19,0,2,0,1.0
115405,0.0,42,1,0.37822529899999996,3177.0,7,1,2,1,2.0
116429,0.973903387,29,3,0.16947001,3150.0,4,0,0,0,0.0
136449,0.495912807,61,1,121.0,,1,0,0,1,1.0
120007,0.038361696,47,5,0.297517029,4550.0,7,0,1,0,3.0
86147,0.697457385,57,2,0.44672692399999997,3650.0,6,1,1,1,2.0
28415,0.17499675899999997,47,0,0.437734277,4801.0,12,0,1,0,0.0
96268,1.3554817280000002,28,1,0.012108981000000001,990.0,1,1,0,0,2.0
113673,0.485303882,48,0,0.747914318,4434.0,16,0,2,0,0.0
25496,1.146596859,22,0,0.099785408,1863.0,6,1,0,0,0.0
61612,1.8205980069999999,57,1,0.31816092,4349.0,3,2,1,1,2.0
92381,0.39934664,56,0,298.0,,6,0,0,0,
66260,0.670736765,72,0,0.844503012,2655.0,15,0,2,0,0.0
143694,0.08038754099999999,49,1,3540.0,,11,1,3,0,1.0
39407,0.77952215,60,1,0.497838172,6475.0,11,1,4,1,0.0
5123,1.857819905,43,1,0.017697081,4350.0,1,0,0,0,2.0
26439,0.9999998999999999,33,1,0.740129935,2000.0,6,0,0,0,3.0
81617,1.018855796,56,0,3277.0,,8,0,1,0,0.0
29042,0.9844551840000001,50,2,0.12584615400000002,9749.0,4,1,0,2,3.0
20691,0.916966178,35,1,0.356214595,3000.0,14,0,0,0,0.0
62401,0.10429087,50,0,0.434505901,8641.0,19,0,3,0,3.0
114025,0.701195219,34,1,0.059443394000000004,3700.0,3,3,0,0,3.0
82226,0.9999998999999999,60,1,0.248418248,6005.0,1,6,0,4,0.0
145124,0.893421316,73,4,0.6867966990000001,2665.0,8,3,0,1,1.0
145848,0.296279797,57,0,0.356989027,9750.0,18,0,4,0,3.0
105375,0.9999998999999999,31,98,0.0,2540.0,0,98,0,98,2.0
13591,1.001998002,27,0,0.15315604,3120.0,4,0,0,0,0.0
25225,0.0,51,0,0.09325577199999999,5500.0,6,0,0,0,0.0
37843,0.95129255,53,3,0.248299834,6616.0,13,0,0,0,1.0
42672,0.79152702,47,0,0.5880432560000001,4900.0,10,0,1,0,1.0
72518,0.9999998999999999,54,98,0.0,,0,98,0,98,0.0
101066,0.025153342999999998,89,0,0.0016798660000000001,8333.0,3,0,0,0,0.0
22577,0.462920464,47,0,706.0,,11,0,0,0,1.0
8285,0.0,26,0,0.010598032,1320.0,3,0,0,0,0.0
144888,8328.0,39,0,21395.0,,9,0,2,1,0.0
146008,0.365547546,82,1,0.21829695100000002,6000.0,16,0,0,0,0.0
95940,0.880649027,65,1,2.433975732,1400.0,15,0,1,0,0.0
65597,0.91289319,35,1,3324.0,,16,0,2,2,0.0
82617,1.19760479,49,0,1021.0,,2,3,1,0,0.0
140924,1.007608365,48,2,0.952419032,2500.0,8,0,0,4,0.0
27955,1.116601888,23,2,0.037785016,1534.0,3,0,0,0,0.0
95231,0.825793552,40,2,0.9555222390000001,2000.0,9,0,0,0,2.0
32839,0.9999998999999999,42,1,0.165509581,3600.0,2,1,0,2,3.0
4901,0.14211590400000002,43,0,0.598731574,5833.0,8,0,2,0,3.0
59439,0.9999998999999999,38,0,299.0,,1,1,0,0,
23169,0.645534179,67,1,0.371314343,2000.0,10,0,0,0,0.0
80534,0.998833355,48,13,0.348063555,12083.0,15,0,1,0,3.0
70095,0.20958083800000002,27,0,0.380309845,2000.0,3,1,0,1,2.0
112161,0.07698869700000001,65,0,0.510332349,10500.0,19,0,3,1,0.0
62372,0.064098516,54,2,0.347708466,6283.0,9,1,2,1,3.0
57032,0.992403039,22,0,0.029588165,2500.0,1,0,0,0,0.0
97514,0.966004533,34,0,0.165463108,6369.0,7,2,0,2,2.0
19357,0.9999998999999999,61,0,0.050619278,3713.0,2,0,0,0,0.0
115801,1.3732534930000002,52,1,0.23398328699999998,4666.0,3,2,1,0,0.0
102905,0.838782305,65,0,0.506519478,12500.0,17,1,3,0,1.0
24825,0.9214839359999999,47,1,0.21895620899999998,3333.0,5,1,0,0,2.0
79093,0.610335593,44,3,0.119750618,8500.0,11,0,0,0,1.0
35196,0.007539247,32,0,0.17601043,2300.0,12,0,0,0,2.0
116347,0.638994092,47,1,0.3946009,6000.0,3,2,1,0,2.0
20442,0.980066445,37,5,0.06659388599999999,5495.0,10,1,0,0,0.0
67811,0.5401505,30,0,0.143818496,5200.0,8,0,0,2,5.0
119204,0.138145573,39,0,0.35972805399999996,5000.0,11,0,0,0,2.0
22303,0.6126258729999999,40,3,0.37068811399999996,5594.0,15,0,1,0,3.0
116879,0.9999998999999999,40,3,0.19743623600000001,7566.0,4,2,0,1,2.0
92184,0.9999998999999999,36,0,0.002504174,4791.0,0,0,0,1,0.0
82737,0.13138827,51,4,0.068450039,5083.0,7,0,0,0,0.0
64800,0.43501920899999996,48,0,0.575395915,4356.0,23,0,0,0,2.0
103205,0.9999998999999999,42,1,0.250863295,4922.0,4,0,1,0,4.0
102792,1.025890638,30,1,0.234804631,2763.0,9,0,0,2,3.0
142696,0.588918504,43,1,1.04652713,7500.0,15,0,2,0,1.0
149938,0.677344917,38,3,0.24227835,13500.0,9,0,1,0,3.0
55537,0.47211024700000004,36,0,0.180404355,4500.0,10,0,0,0,0.0
6444,1.010430248,32,1,0.313493866,2200.0,5,1,0,2,4.0
96076,0.960026649,26,2,0.201765775,3850.0,5,0,0,0,0.0
55058,0.9999998999999999,25,0,0.0,6550.0,0,0,0,0,0.0
130884,1.010747313,45,1,0.243057098,4500.0,16,1,0,4,1.0
134884,0.9069767440000001,40,0,0.911325141,3010.0,6,6,1,2,0.0
133071,0.35809875399999996,54,1,1509.0,,2,2,1,1,2.0
69138,0.41887969,35,2,0.37746555,3700.0,15,0,2,0,0.0
82747,0.71314741,25,0,0.144663334,3400.0,2,2,0,1,0.0
40411,0.15662327199999998,43,2,0.8639175259999999,2424.0,11,2,1,1,3.0
9684,0.9999998999999999,37,1,435.0,,1,3,0,1,0.0
38233,0.206251902,38,0,4688.0,,11,0,4,0,0.0
117979,0.46511627899999997,47,5,0.245709502,7166.0,4,1,1,0,1.0
140088,0.9999998999999999,56,2,0.19300106,6600.0,3,3,0,0,0.0
47027,0.0,38,3,0.062807698,6702.0,5,5,0,0,1.0
102218,0.9999998999999999,40,1,0.0074060359999999995,5400.0,3,0,0,0,0.0
104990,0.788873039,40,0,0.214865709,1600.0,4,0,0,0,2.0
104708,0.540485573,46,0,0.23362115100000003,42966.0,9,0,5,0,0.0
143369,0.410635746,48,0,0.085201794,2452.0,10,1,0,0,1.0
54973,0.646587555,83,0,2214.0,,17,0,1,1,0.0
83233,1.023992618,58,2,978.0,,5,1,1,0,
35722,0.943862932,51,0,0.668704923,6377.0,21,0,2,0,1.0
15938,1.015936255,31,0,0.016351119,2323.0,4,0,0,0,3.0
106345,0.090640057,28,0,1.098966277,5900.0,16,0,2,0,0.0
17948,1.0419720190000001,50,2,1896.0,,6,0,0,0,0.0
50428,0.659990718,49,1,0.337325995,9266.0,8,0,1,0,5.0
97495,0.9999998999999999,50,0,0.111340206,3879.0,1,1,1,0,0.0
141510,0.9999998999999999,66,3,36.0,,4,0,0,0,0.0
146808,0.156622125,49,0,0.00959729,5313.0,3,0,0,0,1.0
137437,0.9999998999999999,31,0,134.0,,1,1,0,0,0.0
23354,0.39885822299999996,39,0,0.492084653,6000.0,8,0,2,0,2.0
99719,0.9999998999999999,27,0,0.0,0.0,0,0,0,0,0.0
76311,0.0,49,0,0.125350886,10330.0,8,1,1,0,2.0
142882,0.774225774,62,3,0.80062098,4508.0,9,3,2,3,0.0
108806,0.753640808,46,1,1.1735301120000001,4200.0,15,1,2,0,1.0
44627,1.02365878,34,2,0.07556601,3400.0,5,0,0,2,2.0
13102,0.312162899,35,1,1.5337132,2105.0,11,0,1,0,2.0
141382,0.9999998999999999,33,0,0.672771344,3712.0,10,0,2,0,1.0
127034,0.604382878,65,1,0.364620939,3600.0,9,0,0,3,2.0
130160,0.018335904,46,0,2871.0,,12,0,2,0,
71275,0.315786384,48,2,0.504326091,5200.0,12,1,1,1,2.0
47476,0.9201596809999999,37,4,0.52690167,6467.0,6,1,2,2,4.0
142329,0.9822294020000001,51,0,4865.0,,13,0,2,0,0.0
144212,1.5063520869999998,45,1,0.05317991,6430.0,3,0,0,0,1.0
18778,0.304384671,59,1,0.360048744,10667.0,19,0,2,0,0.0
143173,0.592266713,38,0,0.458188282,13500.0,13,0,4,0,3.0
23912,0.589234189,52,0,0.329283489,3209.0,8,1,0,0,2.0
70953,0.440622694,52,0,0.292886402,20017.0,12,1,4,0,2.0
69086,1.0021047090000001,42,2,0.7472613459999999,3833.0,8,0,1,1,2.0
79384,0.897009967,49,0,0.000413693,19337.0,1,0,0,0,0.0
81135,0.930243501,41,4,0.325164939,6365.0,6,0,1,1,2.0
112147,0.9999998999999999,41,1,0.133297787,3750.0,2,3,0,1,0.0
117725,0.6386920220000001,51,0,455.0,,3,0,0,0,
19480,0.411435426,26,0,0.29199549,2660.0,4,0,0,0,0.0
117552,0.790578825,51,0,0.183704074,4000.0,4,0,0,1,1.0
88517,0.9999998999999999,28,2,0.027504088,23850.0,2,2,0,1,0.0
104141,0.74093065,64,0,0.34990694,3760.0,9,0,1,0,3.0
132648,1.013289037,38,0,0.002367798,3800.0,1,0,0,0,0.0
138573,0.8980203959999999,49,1,162.0,,1,1,0,0,0.0
92190,0.893687708,44,0,1340.0,,5,1,0,0,2.0
78838,0.342050336,56,2,0.470570525,6642.0,20,0,1,0,1.0
95262,1.238451935,52,3,0.266291231,8700.0,5,2,1,3,1.0
137581,0.619529871,50,2,3163.0,,11,0,1,0,0.0
106219,0.9356384090000001,51,1,0.307613432,3900.0,4,0,0,0,0.0
142952,0.395038626,66,5,0.619793402,3000.0,8,0,1,2,4.0
138380,0.6733266729999999,41,0,3024.0,,5,0,2,0,0.0
86237,0.11880738099999999,66,0,0.023320378,1800.0,7,0,0,0,0.0
34036,0.9999998999999999,31,0,0.0,4000.0,0,1,0,0,1.0
66269,0.876115058,45,1,0.22036646699999998,6166.0,11,1,0,2,0.0
88622,0.278554848,49,0,0.084525055,8600.0,4,0,0,0,0.0
135952,0.132257698,26,0,0.028309742000000002,1200.0,3,0,0,0,0.0
95714,0.957011136,38,0,0.8009592329999999,4586.0,12,0,2,0,0.0
63237,1.0749850029999999,26,2,0.7116345470000001,1400.0,8,0,0,3,0.0
98867,0.9999998999999999,28,0,54.0,,0,2,0,0,0.0
124584,0.143025381,35,0,1.292338458,8000.0,10,0,5,0,0.0
59679,0.983281429,42,1,0.198278256,3600.0,2,0,0,0,3.0
10013,0.929071395,47,2,0.378209743,4166.0,8,0,1,0,3.0
11700,0.0,61,0,98.0,,8,1,0,0,0.0
111053,0.9999998999999999,30,0,0.623994484,4350.0,9,2,1,4,0.0
4082,1.201451906,57,2,1906.0,,9,4,1,1,0.0
130921,0.097995334,48,0,0.179691015,6666.0,4,0,2,0,0.0
